chrom,start,end,trim.Female_05_2,trim.Female_10,trim.Female_02_2,merge_F2,trim.Female_07_1,trim.Female_01_2,trim.Female_02_1,trim.Female_06_1,trim.Female_03_2,merge_F1,trim.Male_03,trim.Female_09_2,trim.Male_09,trim.Male_14,merge_F3,trim.Female_12,trim.Female_04_1,trim.Female_05_1,trim.Female_03_1,trim.Male_07,merge_M1,trim.Female_11,trim.Female_08_1,trim.Male_12,trim.Male_04,merge_M3,trim.Male_06,trim.Male_08,trim.Male_10,trim.Female_08_2,trim.Female_04_2,trim.Female_15,trim.Male_05,trim.Female_01_1,trim.Male_15_1,trim.Female_07_2,trim.Male_01,trim.Male_11,trim.Female_06_2,trim.Male_02,merge_M2,trim.Female_09_1,trim.Male_15_2,wgs_f_median,wgs_m_median,wgs_log2,wgs_pval,dart_f_median,dart_m_median,dart_log2,dart_pval,final_classification
scaffold_2453,0,1000,1.9573333333333334,0.5216,0.36185133239831696,5.5996127942660605,1.0714285714285714,0.915625,1.0,1.5741710296684117,1.8235294117647058,6.765110039766847,1.3636363636363635,0.2566510172143975,1.482608695652174,1.2019002375296912,6.908470861268695,1.4377510040160641,1.3944223107569722,1.4356725146198832,1.4075829383886258,1.1638655462184875,7.039140138350674,1.0167224080267558,1.0,1.108179419525066,1.727454909819639,6.914183393222267,1.5909090909090908,1.0,1.476,1.3080568720379147,0.7681159420289856,0.9251700680272109,1.342007434944238,1.2902097902097902,1.0653846153846156,0.9404255319148938,1.0909090909090908,1.2347826086956522,0.9403508771929825,2.979166666666667,6.589294904786413,0.4743833017077799,0.44178082191780826,6.765110039766847,6.914183393222267,0.03144546490235241,0.4,1.008361204013378,1.2347826086956522,0.29224428850595435,0.09784672978086621,No
scaffold_2453,1000,2000,0.064,0.016,0.014025245441795233,6.130877597676766,0.01785714285714286,0.04687499999999999,0.03225806451612903,0.017452006980802792,0.03676470588235294,7.967464727351965,0.018181818181818184,0.0,0.0,0.0,8.427256317689531,0.0,0.019920318725099605,0.0,0.0,0.0,8.221638667125614,0.0,0.018315018315018316,0.06332453825857519,0.052104208416833664,8.523332486419125,0.0,0.06635071090047394,0.124,0.12322274881516589,0.05072463768115943,0.05170068027210885,0.10408921933085503,0.017482517482517484,0.03461538461538462,0.09361702127659575,0.11655011655011654,0.06608695652173913,0.0,0.0,7.760017645761341,0.07210626185958255,0.01712328767123288,7.967464727351965,8.221638667125614,0.04530523559650058,0.7,0.018086080586080588,0.03461538461538462,0.9364954923641122,0.5204903432077356,No
scaffold_2453,2000,3000,0.0,0.0,0.0,0.4219512697464627,0.0,0.0,0.0,0.0,0.0,0.4690989813150297,0.0,0.0,0.0,0.0,0.45536358947911293,0.0,0.0,0.0,0.0,0.0,0.48017454836166595,0.0,0.0,0.0,0.0,0.47681269887360417,0.0,0.0,0.0,0.0,0.0,0.0,0.0,0.0,0.0,0.0,0.0,0.0,0.0,0.0,0.4601447372567143,0.0,0.0,0.45536358947911293,0.47681269887360417,0.06640357754431747,0.2,0.0,0.0,0.0,1.0,No
scaffold_2453,3000,4000,64.608,44.9632,29.64656381486676,62.55965645789138,44.11785714285715,32.590625,50.935483870967744,52.11867364746945,94.77205882352939,35.32219316881844,41.38545454545454,36.237871674491394,39.94347826086957,29.128266033254157,36.898027333677156,50.5140562248996,46.410358565737056,38.21052631578948,61.20853080568721,49.65966386554622,42.91443577131055,34.91973244147157,51.35531135531135,40.16358839050132,40.589178356713425,41.10147242084377,43.86363636363636,50.99052132701422,39.948,62.18009478672985,44.66666666666667,34.672108843537416,40.63568773234201,41.67132867132867,59.134615384615394,53.991489361702136,49.291375291375296,41.0295652173913,46.02105263157895,83.61111111111111,42.736847080571806,56.72106261859583,52.0068493150685,36.898027333677156,42.736847080571806,0.21193678341973723,0.7,46.215705598658005,41.38545454545454,-0.15925940304835215,0.4672512780859125,No
scaffold_2453,4000,5000,0.0,0.0,0.0,0.057844005519741316,0.0,0.0,0.0,0.0,0.0,0.03645748215939424,0.0,0.0,0.0,0.0,0.037506446621970085,0.0,0.0,0.0,0.0,0.0,0.05672821754144414,0.0,0.0,0.0,0.0,0.05613831318887397,0.0,0.0,0.0,0.0,0.0,0.0,0.0,0.0,0.0,0.0,0.0,0.0,0.0,0.0,0.05509048704401987,0.0,0.0,0.037506446621970085,0.05613831318887397,0.5818343613328245,0.7,0.0,0.0,0.0,1.0,No
scaffold_2453,5000,6000,0.016,0.0,0.0,12.908594731530494,0.010714285714285714,0.0,0.019354838709677417,0.0,0.0,8.69828948085199,0.021818181818181816,0.0,0.0,0.007125890736342042,9.746725116039196,0.0,0.0,0.0,0.014218009478672987,0.0,10.987175358923396,0.0,0.0,0.0,0.028056112224448898,10.805947757492167,0.0,0.0,0.0,0.014218009478672987,0.0,0.0,0.011152416356877323,0.0,0.0,0.0,0.0,0.020869565217391303,0.021052631578947368,0.034722222222222224,11.390507000535674,0.0,0.0,9.746725116039196,10.987175358923396,0.17283105940201907,0.7,0.0,0.0,0.0,0.32429056844824444,No
scaffold_2453,6000,7000,0.0,0.0,0.0,0.003624904743270241,0.0,0.0,0.0,0.0,0.0,0.0029961322656207445,0.0,0.0,0.0,0.0,0.002939659618359979,0.0,0.0,0.0,0.0,0.0,0.01269139805243113,0.0,0.0,0.0,0.0,0.014324948882678185,0.0,0.0,0.0,0.0,0.0,0.0,0.0,0.0,0.0,0.0,0.0,0.0,0.0,0.0,0.016521894398521118,0.0,0.0,0.0029961322656207445,0.014324948882678185,2.2569760418532434,0.1,0.0,0.0,0.0,1.0,Male_Biased
scaffold_2453,7000,8000,0.0,0.0,0.0,0.003017321277778922,0.0,0.0,0.0,0.0,0.0,0.0027646129541864135,0.0,0.0,0.0,0.0,0.0030685920577617327,0.0,0.0,0.0,0.0,0.0,0.016100198754177723,0.0,0.0,0.0,0.0,0.018438532176690503,0.0,0.0,0.0,0.0,0.0,0.0,0.0,0.0,0.0,0.0,0.0,0.0,0.0,0.0,0.015461048032182508,0.0,0.0,0.003017321277778922,0.016100198754177723,2.4153498194969334,0.1,0.0,0.0,0.0,1.0,Male_Biased
scaffold_2453,8000,9000,0.0,0.0,0.0,0.2331678784009227,0.0,0.0,0.0,0.0,0.0,0.22293947812823445,0.0,0.0,0.0,0.0,0.23171738009283135,0.0,0.0,0.0,0.0,0.0,0.2663972196622289,0.0,0.0,0.0,0.0,0.24864191257425622,0.0,0.0,0.0,0.0,0.0,0.0,0.0,0.0,0.0,0.0,0.0,0.0,0.0,0.0,0.2608211581081223,0.0,0.0,0.23171738009283135,0.2608211581081223,0.1706939542198414,0.1,0.0,0.0,0.0,1.0,No
scaffold_2453,9000,10000,0.4373333333333333,0.25920000000000004,0.14866760168302945,1.5194838629950775,0.325,0.315625,0.432258064516129,0.40139616055846417,0.5294117647058822,1.3364724628207225,0.2618181818181818,0.4194053208137716,0.47826086956521746,0.3087885985748219,1.368102114492006,0.3092369477911646,0.2111553784860558,0.3362573099415204,0.6635071090047393,0.40336134453781514,1.530851311888609,0.36789297658862874,0.38461538461538464,0.6068601583113455,0.2885771543086172,1.4552042878056453,0.4595959595959596,0.2274881516587678,0.404,0.6113744075829385,0.13768115942028986,0.27482993197278915,0.26765799256505574,0.31818181818181823,0.4961538461538462,0.3063829787234043,0.3123543123543124,0.35130434782608694,0.3192982456140351,0.8680555555555556,1.481508712594662,0.3074003795066414,0.47602739726027393,1.368102114492006,1.481508712594662,0.11489111362284778,0.4,0.3221491228070176,0.40336134453781514,0.32434326424761356,0.37797653665522657,No
scaffold_2453,10000,11000,0.0,0.0,0.0,0.007332193685251169,0.0,0.0,0.0,0.0,0.0,0.004807430408018739,0.0,0.0,0.0,0.0,0.004925219185146983,0.0,0.0,0.0,0.0,0.0,0.015622744584226246,0.0,0.0,0.0,0.0,0.017519025322734808,0.0,0.0,0.0,0.0,0.0,0.0,0.0,0.0,0.0,0.0,0.0,0.0,0.0,0.0,0.013875030197359438,0.0,0.0,0.004925219185146983,0.015622744584226246,1.6651875444121138,0.1,0.0,0.0,0.0,1.0,No
scaffold_2453,11000,12000,0.0,0.0,0.0,0.012357629806603094,0.0,0.0,0.0,0.0,0.0,0.009621670207550254,0.0,0.0,0.0,0.0,0.025361010830324913,0.0,0.0,0.0,0.0,0.0,0.02748137373557922,0.0,0.0,0.0,0.0,0.040337313830109016,0.0,0.0,0.0,0.0,0.0,0.0,0.0,0.0,0.0,0.0,0.0,0.0,0.0,0.0,0.03371600827670234,0.0,0.0,0.012357629806603094,0.03371600827670234,1.4479577296348227,0.1,0.0,0.0,0.0,1.0,No
scaffold_2453,12000,13000,2.864,0.7744,2.3478260869565215,0.7478837558956193,1.4535714285714287,1.8624999999999998,2.0064516129032257,1.6265270506108203,0.9117647058823529,0.9099662254180966,3.014545454545454,1.1267605633802817,1.7695652173913046,1.4370546318289785,1.0,1.9919678714859437,1.8326693227091633,1.0,2.232227488151659,3.1218487394957983,0.9894293867489813,2.0903010033444813,2.7435897435897436,1.7361477572559367,4.116232464929859,0.9947612306873315,2.505050505050505,3.3838862559241707,1.72,3.265402843601896,1.5615942028985508,1.7170068027210885,4.847583643122676,0.8251748251748252,1.1576923076923078,1.9319148936170216,3.6596736596736594,2.114782608695652,2.484210526315789,2.0,0.9071181740838383,1.3434535104364327,0.726027397260274,0.9099662254180966,0.9894293867489813,0.1207836230618208,1.0,1.8475846613545817,2.114782608695652,0.19486879485571998,0.09181016647711848,No
scaffold_2453,13000,14000,0.0,0.0,0.0,0.056340493893271275,0.0,0.0,0.0,0.0,0.0,0.06281663670534401,0.0,0.0,0.0,0.0,0.06628416709644146,0.0,0.0,0.0,0.0,0.0,0.07407201785456523,0.0,0.0,0.0,0.0,0.08149734431902049,0.0,0.0,0.0,0.0,0.0,0.0,0.0,0.0,0.0,0.0,0.0,0.0,0.0,0.0,0.0707300933754871,0.0,0.0,0.06281663670534401,0.07407201785456523,0.2377784484910118,0.1,0.0,0.0,0.0,1.0,No
scaffold_2453,14000,15000,0.0,0.0,0.0,0.0028422548555187117,0.0,0.0,0.0,0.0,0.0,0.0022675273737538817,0.0,0.0,0.0,0.0,0.0025528623001547187,0.0,0.0,0.0,0.0,0.0,0.012291668979913614,0.0,0.0,0.0,0.0,0.012703713113861566,0.0,0.0,0.0,0.0,0.0,0.0,0.0,0.0,0.0,0.0,0.0,0.0,0.0,0.0,0.015114434862982763,0.0,0.0,0.0025528623001547187,0.012703713113861566,2.3146111535225984,0.1,0.0,0.0,0.0,1.0,Male_Biased
scaffold_2453,15000,16000,0.35733333333333334,0.4064,0.05890603085553997,44.53866908326983,0.4535714285714286,0.34375,0.5419354838709677,0.9738219895287957,0.23529411764705882,39.722204063844856,0.31272727272727274,0.1815336463223787,0.34347826086956523,0.2707838479809976,41.351456936565235,0.3614457831325301,0.4581673306772908,0.2631578947368421,0.37440758293838866,0.48739495798319327,44.05065455635624,0.14046822742474915,0.1575091575091575,0.18997361477572558,0.36472945891783565,42.77191390512141,0.13131313131313133,0.11848341232227488,0.13999999999999999,0.3033175355450237,0.13043478260869565,0.2340136054421769,0.412639405204461,0.08391608391608392,0.08076923076923077,0.17021276595744683,0.14918414918414918,1.088695652173913,0.9122807017543859,0.6458333333333334,43.892266324955095,0.18216318785578747,0.22945205479452058,41.351456936565235,43.892266324955095,0.08602860115305766,0.7,0.2832377151409329,0.2707838479809976,-0.06487146319495468,0.8165317347200006,No
scaffold_2453,16000,17000,0.0,0.0,0.0,5.193499886721727,0.0,0.0,0.019354838709677417,0.0,0.0,3.9404927275698647,0.0,0.0,0.0,0.0,4.279602888086643,0.0,0.0,0.0,0.0,0.0,4.713660741053286,0.0,0.0,0.0,0.0,4.682697542738921,0.0,0.0,0.0,0.0,0.0,0.0,0.0,0.0,0.0,0.0,0.0,0.0,0.0,0.0,4.902517672019914,0.0,0.0,4.279602888086643,4.713660741053286,0.13937096276778763,0.7,0.0,0.0,0.0,0.4408998098859007,No
scaffold_2453,17000,18000,0.0,0.0,0.0,0.11303112063106298,0.0,0.0,0.0,0.0,0.0,0.10013210219534784,0.0,0.0,0.0,0.0,0.10810985043837028,0.0,0.0,0.0,0.0,0.0,0.12182853843506068,0.0,0.0,0.0,0.0,0.1273396004984695,0.0,0.0,0.0,0.0,0.0,0.0,0.0,0.0,0.0,0.0,0.0,0.0,0.0,0.0,0.1195710399445419,0.0,0.0,0.10810985043837028,0.12182853843506068,0.1723526422963439,0.1,0.0,0.0,0.0,1.0,No
scaffold_2453,18000,19000,0.13333333333333333,0.022400000000000003,0.07854137447405331,6.799909377381418,0.075,0.08750000000000001,0.04516129032258065,0.1082024432809773,0.22794117647058823,5.30674265947595,0.025454545454545455,0.06572769953051644,0.060869565217391314,0.05700712589073634,6.169494584837546,0.024096385542168672,0.02788844621513945,0.05555555555555556,0.2085308056872038,0.07142857142857144,6.438536103307758,0.03678929765886287,0.18681318681318682,0.14775725593667546,0.044088176352705406,6.719961767872915,0.04040404040404041,0.32701421800947866,0.028000000000000004,0.24644549763033177,0.05072463768115943,0.0653061224489796,0.137546468401487,0.2167832167832168,0.023076923076923078,0.04680851063829788,0.06526806526806528,0.0973913043478261,0.03859649122807018,0.125,6.530360162593086,0.07969639468690702,0.13698630136986303,6.169494584837546,6.530360162593086,0.08201024233766904,0.7,0.07036384976525822,0.06526806526806528,-0.10845554297329356,0.840640967398935,No
scaffold_2453,19000,20000,0.0,0.0,0.0,0.11995139332276071,0.0,0.0,0.0,0.0,0.0,0.15908781391294874,0.0,0.0,0.0,0.0,0.17394275399690562,0.0,0.0,0.0,0.0,0.0,0.1792895926094536,0.0,0.0,0.0,0.0,0.18937001681729643,0.0,0.0,0.0,0.0,0.0,0.0,0.0,0.0,0.0,0.0,0.0,0.0,0.0,0.0,0.16965139117922,0.0,0.0,0.15908781391294874,0.1792895926094536,0.17246739354148807,0.2,0.0,0.0,0.0,1.0,No
scaffold_2453,20000,21000,0.08533333333333333,0.016,0.09537166900420758,3.288560954009021,0.01785714285714286,0.03125,0.04516129032258065,0.09773123909249563,0.2205882352941176,3.9950291441956747,0.2,0.0,0.05652173913043479,0.030878859857482188,4.344546157813306,0.08032128514056225,0.12749003984063748,0.058479532163742694,0.0,0.05042016806722689,4.330353871265031,0.0,0.04761904761904762,0.031662269129287594,0.08817635270541081,4.407752894631773,0.005050505050505051,0.018957345971563982,0.016,0.24170616113744078,0.07608695652173914,0.0435374149659864,0.10037174721189591,0.06643356643356643,0.015384615384615387,0.0,0.06526806526806528,0.1426086956521739,0.014035087719298246,0.22222222222222224,4.079290388311784,0.07969639468690702,0.03767123287671233,3.9950291441956747,4.330353871265031,0.11627886927672741,0.4,0.05304928989139516,0.05042016806722689,-0.07333109436074572,0.7569062320400836,No
scaffold_2453,21000,22000,15.098666666666666,7.52,4.336605890603086,5.623401231643771,10.735714285714286,8.096874999999999,11.780645161290323,13.092495636998253,13.058823529411764,6.691126000980552,10.72,4.629107981220657,10.32608695652174,9.021377672209026,7.777539969056215,9.562248995983934,13.183266932270918,9.055555555555555,15.364928909952608,12.941176470588236,7.528319694429331,5.551839464882943,12.139194139194139,13.08707124010554,11.186372745490981,7.802269730076344,13.303030303030303,14.014218009478673,12.568000000000001,13.51658767772512,7.858695652173914,8.25578231292517,10.17100371747212,10.157342657342658,10.465384615384616,10.072340425531918,9.258741258741258,11.742608695652173,10.67719298245614,19.354166666666668,7.222305082609472,10.81214421252372,8.900684931506849,6.691126000980552,7.528319694429331,0.17007885830171338,0.4,10.417267819899399,11.186372745490981,0.10276535371287866,0.22174194927504265,No
scaffold_2453,22000,23000,0.0,0.0,0.0,3.483523160257863,0.0,0.0,0.0,0.0,0.0,4.840748760690745,0.0,0.0,0.0,0.0,5.596454357916452,0.0,0.0,0.0,0.0,0.0,5.147300163222704,0.0,0.0,0.14775725593667546,0.0,5.721776584032038,0.21717171717171718,0.0,0.0,0.0,0.0,0.0,0.0,0.0,0.0,0.0,0.0,0.0,0.0,0.0,4.949226422426922,0.0,0.0,4.840748760690745,5.147300163222704,0.08858567862140831,0.4,0.0,0.0,0.0,0.08972306746078618,No
scaffold_2453,23000,24000,0.08,0.016,0.014025245441795233,1.2245381335859782,0.0642857142857143,0.0,0.0903225806451613,0.0,0.06617647058823528,1.523308547148227,0.0,0.056338028169014086,0.0,0.0,1.6330711707065495,0.0,0.0,0.0,0.08530805687203792,0.0,1.6518692885932869,0.11371237458193979,0.07692307692307693,0.0,0.0,1.7215830036417312,0.05050505050505051,0.0,0.11200000000000002,0.0,0.0,0.0,0.05204460966542752,0.02097902097902098,0.0,0.05106382978723405,0.0,0.034782608695652174,0.0,0.15972222222222224,1.605239110569601,0.03415559772296015,0.0,1.523308547148227,1.6518692885932869,0.11689126773538619,0.2,0.01848951048951049,0.0,-14.174497435038917,0.22470299368958369,No
scaffold_2453,24000,25000,0.0,0.0,0.0,1.0671740160237266,0.0,0.0,0.0,0.0,0.0,1.2733289753227652,0.0,0.0,0.0,0.0,1.2603017019082001,0.0,0.0,0.0,0.047393364928909956,0.0,1.2967433184175168,0.0,0.0,0.0,0.0,1.2990575054746956,0.0,0.0,0.0,0.0,0.0,0.0,0.0,0.0,0.0,0.0,0.0,0.034782608695652174,0.0,0.0,1.249677019546882,0.0,0.0,1.2603017019082001,1.2967433184175168,0.04112376406843922,0.4,0.0,0.0,0.0,0.8435854692095642,No
scaffold_2453,25000,26000,0.0,0.0,0.0,4.031151525137479,0.0,0.0,0.0,0.0,0.0,4.297870022334805,0.0,0.0,0.034782608695652174,0.0,4.0699845281072715,0.0,0.0,0.0,0.0,0.06722689075630253,4.332197066432751,0.0,0.010989010989010988,0.0,0.0,4.2158542339661,0.04040404040404041,0.0,0.0,0.0,0.0,0.0,0.0,0.0,0.0,0.0,0.0,0.0,0.0,0.05555555555555556,4.052737718865209,0.0,0.0,4.0699845281072715,4.2158542339661,0.05080166325703807,0.7,0.0,0.0,0.0,0.04794961224938618,No
scaffold_2453,26000,27000,0.18133333333333335,0.18239999999999998,0.15988779803646563,10.362593454575414,0.16785714285714287,0.253125,0.25806451612903225,0.5445026178010471,0.21323529411764702,9.161974995914365,0.3054545454545454,0.19405320813771518,0.22608695652173916,0.07363420427553444,9.954809179989685,0.37349397590361444,0.36653386454183273,0.12573099415204678,0.18009478672985782,0.3949579831932773,9.540011769800468,0.043478260869565216,0.5274725274725275,0.3324538258575198,0.2565130260521042,10.826322093571923,0.26262626262626265,0.5023696682464456,0.124,0.4123222748815166,0.17028985507246377,0.14421768707482996,0.30855018587360594,0.23076923076923078,0.27692307692307694,0.3276595744680852,0.15850815850815853,0.23304347826086957,0.40350877192982454,0.23611111111111113,10.112040081086475,0.04933586337760911,0.11643835616438357,9.954809179989685,10.112040081086475,0.022608517952603296,0.7,0.2036442511276811,0.2565130260521042,0.332979541754412,0.7453238780417601,No
scaffold_2453,27000,28000,0.0,0.0,0.0,0.6804831833254382,0.0,0.0,0.0,0.0,0.03676470588235294,0.5334953968513374,0.018181818181818184,0.0,0.06956521739130435,0.0,0.6068205260443527,0.0,0.0,0.014619883040935673,0.047393364928909956,0.0,0.5800846093203494,0.0,0.0,0.0,0.0,0.6996963207627068,0.0,0.023696682464454978,0.0,0.0,0.0,0.0,0.0,0.0,0.0,0.0,0.0,0.017391304347826087,0.0,0.0,0.6160576428203808,0.0,0.0,0.6068205260443527,0.6160576428203808,0.02179542421950927,0.7,0.0,0.0,0.0,0.34188704676358883,No
scaffold_2453,28000,29000,328.88,214.368,173.88779803646563,8.757872839989291,214.34285714285716,178.090625,226.96129032258065,229.6788830715532,460.4191176470588,6.234045595685569,191.41454545454545,154.22222222222223,221.74347826086958,166.16389548693587,6.390665291387314,218.68273092369475,244.09561752988049,182.2017543859649,333.8483412322275,235.03781512605042,7.268551315219685,157.07023411371236,225.1025641025641,191.05540897097626,201.67134268537075,7.04733040542993,204.45959595959596,240.696682464455,236.644,308.40284360189577,227.18840579710147,213.24625850340135,176.68029739776952,232.78671328671328,280.6269230769231,263.1829787234043,217.34731934731934,224.76521739130436,211.2736842105263,344.625,6.961683489659373,274.303605313093,229.63013698630138,6.390665291387314,7.04733040542993,0.141110704840668,0.7,226.03192721257238,221.74347826086958,-0.027634895104643797,0.6762289556640524,No
scaffold_2453,29000,30000,0.0,0.0,0.0,4.324985067863984,0.0,0.0,0.0,0.0,0.0,4.040611210982187,0.0,0.0,0.0,0.0,4.2367973182052605,0.16465863453815258,0.0,0.0,0.0,0.0,4.494753555923207,0.0,0.0,0.0,0.0,4.45949935271557,0.0,0.0,0.0,0.0,0.0,0.0,0.0,0.0,0.0,0.0,0.0,0.0,0.0,0.0,4.527083092629744,0.0,0.0,4.2367973182052605,4.494753555923207,0.08526788237788258,0.1,0.0,0.0,0.0,0.4408998098859007,No
scaffold_2453,30000,31000,16.432,9.3376,8.732117812061711,6.763320495129035,9.975,9.640625,14.103225806451611,9.357766143106456,12.308823529411763,5.987756714060032,11.258181818181818,10.522691705790297,11.286956521739132,5.320665083135392,6.357155750386797,13.244979919678713,7.103585657370518,8.783625730994151,10.79620853080569,13.714285714285715,6.8415962514295865,6.461538461538461,12.135531135531137,9.393139841688654,13.503006012024047,6.854330756294388,7.9898989898989905,1.90521327014218,7.208,13.222748815165877,4.681159420289855,9.86122448979592,9.572490706319703,10.101398601398602,12.580769230769233,11.127659574468087,10.372960372960373,10.914782608695651,9.663157894736841,20.416666666666668,6.91785267889966,8.273244781783681,7.904109589041095,6.357155750386797,6.854330756294388,0.10863435953487573,0.1,9.918112244897959,10.372960372960373,0.06469022420377352,0.9876594474847588,No
scaffold_2453,31000,32000,1.3013333333333332,1.232,0.6255259467040674,1.1762609931415156,0.8535714285714286,0.7906249999999999,0.9677419354838709,0.8342059336823735,1.7720588235294117,1.0032480797515935,1.2654545454545454,0.9483568075117371,0.8869565217391305,1.0,0.9162712738525012,0.8795180722891566,1.0,0.7309941520467836,1.6398104265402844,1.5714285714285716,0.9982123227590188,0.6789297658862875,1.1245421245421245,1.2242744063324538,1.3466933867735469,0.9855782609221686,1.0,1.6350710900473935,1.2,1.0,1.2463768115942029,1.0394557823129251,1.0185873605947957,1.0,1.1346153846153848,1.0127659574468086,1.1468531468531469,1.0782608695652174,0.8175438596491228,2.236111111111111,1.0,1.840607210626186,1.1643835616438356,1.0032480797515935,0.9982123227590188,-0.0072597686188124975,0.7,1.0,1.1643835616438356,0.2195661735832797,0.026798735715167357,No
scaffold_2453,32000,33000,7.098666666666667,5.648,5.44179523141655,46.87306654583651,8.307142857142859,6.3625,7.464516129032258,8.090750436300175,14.683823529411763,36.71935773819252,7.261818181818182,4.979655712050079,6.843478260869566,5.045130641330166,35.37815884476534,3.7670682730923697,6.6852589641434275,4.330409356725147,10.677725118483414,8.69327731092437,37.506023695051134,4.317725752508361,9.76923076923077,8.928759894459104,8.50501002004008,36.56958610092798,6.505050505050505,5.9478672985782,6.128,10.109004739336493,4.833333333333334,6.4353741496598635,7.41635687732342,5.678321678321678,8.11923076923077,6.8978723404255335,5.333333333333333,5.947826086956522,7.912280701754386,16.805555555555557,37.551934206518425,8.178368121442126,6.767123287671233,36.71935773819252,37.506023695051134,0.030581494318113512,1.0,6.791565652284481,6.843478260869566,0.010985577213385262,0.5671278209413946,No
scaffold_2453,33000,34000,14.192,13.9872,9.725105189340814,61.36860750108129,12.478571428571428,11.981250000000001,9.606451612903227,17.312390924956368,25.25735294117647,48.83377594378167,12.894545454545455,8.42566510172144,8.85217391304348,10.439429928741093,49.19444301186178,15.369477911646586,12.015936254980081,11.824561403508772,22.947867298578203,15.264705882352942,51.084209591277016,7.033444816053511,16.446886446886445,20.36411609498681,16.857715430861724,50.421436608471566,15.828282828282829,13.180094786729859,16.044,23.492890995260666,7.590579710144928,9.072108843537416,13.197026022304833,8.818181818181818,17.442307692307697,21.859574468085107,15.314685314685315,13.84,12.007017543859648,23.48611111111111,51.45528164945854,14.584440227703986,17.59246575342466,49.19444301186178,51.084209591277016,0.05438205564433558,0.7,12.247253841775755,15.314685314685315,0.3224574041230312,0.1503063797045496,No
scaffold_2453,34000,35000,2.234666666666667,2.2624,1.8345021037868163,15.952340741045868,2.410714285714286,1.4093749999999998,1.496774193548387,2.2687609075043627,1.0,13.260016614915292,2.127272727272727,0.4350547730829421,2.2,0.6603325415676959,14.304345023207839,2.4497991967871484,1.9402390438247015,1.4035087719298245,1.924170616113744,3.403361344537815,14.61105250885511,1.8193979933110367,3.9743589743589745,2.3535620052770447,2.1442885771543083,15.505027040760773,2.8636363636363638,0.18483412322274884,1.8239999999999998,2.227488151658768,1.8695652173913044,2.6693877551020413,2.4572490706319705,1.4755244755244754,0.6923076923076924,2.587234042553192,0.7785547785547785,3.04,1.8070175438596492,4.291666666666667,15.277290535359793,3.5180265654648957,1.0,14.304345023207839,15.277290535359793,0.09493525406140028,0.7,1.9322048299692227,2.1442885771543083,0.15025096200859595,1.0,No
scaffold_2453,35000,36000,0.0,0.0,0.0,0.0028731489300352193,0.0,0.0,0.0,0.0,0.0,0.0018793920575257395,0.0,0.0,0.0,0.0,0.0023852501289324396,0.0,0.0,0.0,0.0,0.0,0.01469004341501871,0.0,0.0,0.0,0.0,0.012558527821131722,0.0,0.0,0.0,0.0,0.0,0.0,0.0,0.0,0.0,0.0,0.0,0.0,0.0,0.0,0.011837364899639732,0.0,0.0,0.0023852501289324396,0.012558527821131722,2.395965046043487,0.1,0.0,0.0,0.0,1.0,Male_Biased
scaffold_2453,36000,37000,0.3093333333333333,0.1472,0.07573632538569426,0.3011039482627232,0.35714285714285715,0.23124999999999998,0.30967741935483867,0.15357766143106455,0.30882352941176466,0.33164460423816533,0.19272727272727275,0.10015649452269171,0.3,0.1377672209026128,0.35410005157297575,0.1606425702811245,0.18725099601593626,0.23099415204678364,0.27488151658767773,0.2773109243697479,0.3786211567715215,0.05351170568561873,0.19413919413919414,0.36411609498680736,0.1843687374749499,0.3851160877403119,0.13636363636363638,0.15165876777251186,0.08399999999999999,0.1279620853080569,0.13405797101449277,0.21496598639455786,0.19702602230483274,0.3321678321678322,0.16153846153846155,0.17872340425531916,0.1258741258741259,0.2017391304347826,0.18596491228070175,0.47916666666666663,0.36999380297667184,0.27703984819734345,0.1643835616438356,0.33164460423816533,0.3786211567715215,0.19111643532268455,0.1,0.1906950950775652,0.1843687374749499,-0.04867343095720436,0.8649006171360114,No
scaffold_2453,37000,38000,0.0,0.0,0.0,0.4153502358247688,0.0,0.0,0.0,0.0,0.0,0.4880427085035682,0.0,0.0,0.0,0.0,0.478751933986591,0.0,0.0,0.0,0.0,0.0,0.5191259257614284,0.0,0.0,0.0,0.0,0.5096366738049436,0.0,0.0,0.0,0.0,0.0,0.0,0.0,0.0,0.0,0.0,0.0,0.0,0.0,0.0,0.49683321604503866,0.0,0.0,0.478751933986591,0.5096366738049436,0.0901906010148728,0.1,0.0,0.0,0.0,1.0,No
scaffold_2453,38000,39000,0.7893333333333333,0.35840000000000005,0.26367461430575034,2.019607439293144,0.17857142857142858,0.6906249999999999,1.096774193548387,0.3176265270506108,0.9411764705882353,2.6220038677343793,0.2545454545454545,0.23787167449139282,0.4869565217391305,0.7577197149643705,2.7929087158329033,0.18473895582329317,0.6972111553784861,0.2631578947368421,0.7677725118483413,0.4621848739495799,2.8020008660796574,0.38127090301003336,0.4652014652014652,0.7229551451187336,0.26452905811623245,2.831355183719889,0.16666666666666669,0.2180094786729858,0.236,1.0,0.6666666666666667,0.4653061224489796,0.13011152416356878,0.9685314685314685,0.6192307692307694,0.3957446808510639,0.5967365967365967,0.7547826086956522,0.287719298245614,0.9652777777777778,2.592698015902192,0.8918406072106263,0.6506849315068493,2.6220038677343793,2.8020008660796574,0.09578755266057681,0.4,0.4652537938252224,0.4869565217391305,0.0657749132808312,0.3454254489689802,No
scaffold_2453,39000,40000,141.30666666666667,81.1808,81.46143057503507,132.6151628117727,94.87142857142857,93.96874999999999,126.5225806451613,101.19720767888306,196.80147058823528,106.45511930053931,102.87636363636365,72.96400625978092,102.34782608695653,70.9667458432304,108.7536874677669,102.75502008032129,94.9203187250996,79.93859649122807,121.83412322274881,106.00420168067227,113.64474078680006,109.13377926421404,114.50915750915752,99.28759894459102,117.29058116232464,113.20202533483358,118.08585858585859,105.54976303317537,126.94800000000001,153.0521327014218,87.75,95.21360544217688,103.95167286245353,118.70279720279721,105.00769230769231,103.01702127659576,98.68997668997669,99.42260869565216,95.20701754385964,180.36111111111114,115.18054344743558,96.8349146110057,85.21575342465754,108.7536874677669,113.64474078680006,0.0634666018981915,0.7,99.01606114494439,103.95167286245353,0.07017850933936629,0.4485149959925677,No
scaffold_2453,40000,41000,3.1573333333333333,1.84,1.1136044880785414,30.00982431569625,1.8714285714285717,1.884375,2.6451612903225805,3.3961605584642234,3.786764705882353,24.92163752247099,2.6654545454545455,2.3348982785602503,2.991304347826087,2.090261282660333,23.284386281588446,2.0200803212851404,3.266932270916335,2.415204678362573,4.018957345971565,2.151260504201681,25.886754533038715,1.6220735785953175,3.0732600732600734,3.023746701846966,2.577154308617234,24.018644211341392,2.782828282828283,2.540284360189574,3.06,3.919431279620853,2.967391304347826,1.9129251700680274,1.9591078066914498,2.153846153846154,2.4192307692307695,3.2510638297872343,3.2867132867132867,2.9078260869565216,2.456140350877193,3.2152777777777777,24.604671925383634,3.20303605313093,2.7089041095890414,24.92163752247099,24.604671925383634,-0.018466585747475506,1.0,2.550650820599887,2.7089041095890414,0.08684388238580383,0.8165317347200006,No
scaffold_2453,41000,42000,297.136,187.94240000000002,135.90182328190744,47.25930426544189,207.33214285714286,189.990625,264.4193548387097,225.8568935427574,448.2132352941176,36.69074467505584,203.0909090909091,154.54773082942097,202.3,176.2897862232779,38.011513666838574,223.40963855421683,215.85657370517927,173.96198830409358,314.29383886255926,235.4873949579832,42.84247343467206,156.6789297658863,221.7912087912088,214.87598944591028,221.54709418837675,40.319504434200816,209.4141414141414,209.957345971564,215.78400000000002,270.37440758293843,193.5326086956522,200.2421768707483,182.20446096654274,208.52447552447552,251.81538461538466,231.0212765957447,218.93240093240092,223.5791304347826,203.1614035087719,389.1388888888889,41.598222819750646,229.99240986717268,213.75684931506848,38.011513666838574,41.598222819750646,0.13008541456955175,0.7,212.19052461482738,214.87598944591028,0.018144048828353472,0.840640967398935,No
scaffold_2453,42000,43000,0.0,0.0,0.0,0.005118118344901448,0.0,0.0,0.0,0.0,0.0,0.003166367053440105,0.0,0.0,0.0,0.0,0.004448169159360495,0.0,0.0,0.0,0.0,0.0,0.015178601170317895,0.0,0.0,0.0,0.0,0.014663714565714492,0.0,0.0,0.0,0.0,0.0,0.0,0.0,0.0,0.0,0.0,0.0,0.0,0.0,0.0,0.016542901257260496,0.0,0.0,0.004448169159360495,0.015178601170317895,1.770526029235336,0.1,0.0,0.0,0.0,1.0,No
scaffold_2453,43000,44000,0.0,0.0,0.0,0.017877371120219143,0.0,0.0,0.0,0.0,0.0,0.013455357629242253,0.0,0.0,0.0,0.0,0.011874677668901497,0.0,0.0,0.0,0.0,0.0,0.02718157693119108,0.0,0.0,0.0,0.0,0.02306026399525728,0.0,0.0,0.0,0.0,0.0,0.0,0.0,0.0,0.0,0.0,0.0,0.0,0.0,0.0,0.025271251063472222,0.0,0.0,0.013455357629242253,0.025271251063472222,0.9092662208297673,0.1,0.0,0.0,0.0,1.0,No
scaffold_2453,44000,45000,404.064,252.88,214.3842917251052,88.49643688340578,299.18928571428575,239.81249999999997,279.01290322580644,288.6247818499127,655.4117647058823,69.5853421038296,237.29090909090908,190.68857589984353,247.82608695652175,209.09501187648456,73.1541387313048,322.67068273092366,264.17529880478094,229.3859649122807,432.9905213270143,295.9159663865546,78.80046857130168,237.14715719063545,281.7106227106227,269.6622691292876,318.0841683366733,75.81653418508705,333.0808080808081,281.5876777251185,265.3,406.81042654028437,270.8478260869565,258.3619047619048,253.79553903345726,249.4965034965035,345.273076923077,393.6468085106384,306.6340326340326,275.67652173913046,294.4912280701754,494.08333333333337,75.53929858098668,283.6015180265655,292.8184931506849,73.1541387313048,75.81653418508705,0.05157301929176005,0.7,280.3617629682146,281.5876777251185,0.006294601655119481,0.840640967398935,No
scaffold_2453,45000,46000,0.0,0.0,0.0,1.7767594175437151,0.0,0.0,0.0,0.0,0.0,2.0695919812605545,0.0,0.0,0.0,0.0,2.13307117070655,0.0,0.0,0.0,0.0,0.0,2.1697183020397284,0.0,0.0,0.0,0.0,2.207385091890192,0.0,0.0,0.0,0.0,0.0,0.0,0.0,0.0,0.0,0.0,0.0,0.0,0.0,0.0,2.1201487285598746,0.0,0.0,2.0695919812605545,2.1697183020397284,0.06816134592844739,0.2,0.0,0.0,0.0,1.0,No
scaffold_2453,46000,47000,0.0,0.0,0.0,1.3324408378473012,0.0,0.0,0.0,0.0,0.0,1.7524105245955222,0.0,0.0,0.0,0.0,1.959334708612687,0.0,0.0,0.0,0.0,0.0,1.8395198809695652,0.0,0.0,0.0,0.0,2.0349291616759224,0.0,0.0,0.0,0.0,0.0,0.0,0.0,0.0,0.0,0.0,0.0,0.0,0.0,0.0,1.7884924427825684,0.0,0.0,1.7524105245955222,1.8395198809695652,0.06998844530644022,0.4,0.0,0.0,0.0,1.0,No
scaffold_2453,47000,48000,146.2133333333333,90.00959999999999,73.13323983169707,5.28600704384899,88.76071428571429,93.99374999999999,100.61290322580645,95.77661431064571,226.83088235294116,5.985931797134609,70.19272727272727,85.25195618153364,84.93913043478263,103.87410926365796,6.670680763280041,101.03614457831326,98.27490039840637,88.19005847953217,160.86255924170618,107.67647058823529,6.72691842195845,68.55183946488293,65.82417582417582,115.95250659630607,87.6993987975952,6.838904818941842,92.02525252525253,98.62085308056872,146.416,111.54976303317537,107.35507246376812,106.50884353741498,76.6096654275093,106.486013986014,175.19615384615386,129.06382978723406,125.70629370629369,106.20173913043477,87.39298245614034,164.39583333333334,6.593202180511937,134.6944971537002,154.96575342465755,5.985931797134609,6.72691842195845,0.16836989494858007,0.2,99.44390181210642,106.20173913043477,0.09485258194059741,0.4485149959925677,No
scaffold_2453,48000,49000,0.0,0.0,0.0,1.2594690338393097,0.0,0.0,0.0,0.0,0.0,1.4461649507000056,0.0,0.0,0.0,0.014251781472684084,1.4654589994842702,0.0,0.02390438247011952,0.008771929824561403,0.0,0.025210084033613446,1.5630183986409212,0.0,0.0,0.0,0.0,1.527603353780262,0.0,0.05213270142180095,0.0,0.0,0.0,0.0,0.0,0.0,0.0,0.0,0.0,0.0,0.0,0.020833333333333332,1.4709632695074941,0.0,0.0,1.4461649507000056,1.527603353780262,0.07903782266761486,0.1,0.0,0.0,0.0,0.14160506192428401,No
scaffold_2453,49000,50000,0.0,0.0,0.0,0.4427120878215558,0.0,0.0,0.0,0.0,0.0,0.20848994933812715,0.0,0.0,0.0,0.0,0.25406137184115524,0.0,0.0,0.0,0.0,0.0,0.28562862948446055,0.0,0.0,0.0,0.0,0.29248787097866985,0.0,0.0,0.0,0.0,0.0,0.0,0.0,0.0,0.0,0.0,0.0,0.0,0.0,0.0,0.29446364237923683,0.0,0.0,0.25406137184115524,0.29248787097866985,0.2031990126460202,0.7,0.0,0.0,0.0,1.0,No
scaffold_2453,50000,51000,0.021333333333333333,0.0,0.0,0.3815830123782259,0.0,0.040625,0.025806451612903226,0.013961605584642232,0.007352941176470588,0.3137154763850302,0.0,0.0,0.017391304347826087,0.0,0.3076972666322847,0.01606425702811245,0.02390438247011952,0.011695906432748539,0.014218009478672987,0.004201680672268908,0.35568114944315515,0.0,0.007326007326007326,0.0,0.028056112224448898,0.35161458144289987,0.0,0.0,0.0,0.03317535545023697,0.0,0.00272108843537415,0.0,0.003496503496503497,0.0,0.004255319148936171,0.0,0.0034782608695652175,0.0035087719298245615,0.01388888888888889,0.3482412007520455,0.0037950664136622396,0.013698630136986302,0.3137154763850302,0.35161458144289987,0.1645377017858264,0.7,0.005790663237471749,0.0,-12.499762002457135,0.07559325737588682,No
scaffold_2453,51000,52000,0.128,0.0,0.05329593267882188,2.6698659197165986,0.0,0.17812499999999998,0.2258064516129032,0.23734729493891799,0.044117647058823525,2.176894372718854,0.018181818181818184,0.0,0.1,0.021377672209026127,2.2168256833419284,0.04417670682730923,0.13944223107569723,0.07894736842105264,0.14218009478672985,0.12605042016806722,2.5170273481307115,0.02006688963210702,0.14285714285714285,0.0,0.1442885771543086,2.3473316153073696,0.16161616161616163,0.0,0.076,0.2843601895734597,0.04710144927536233,0.06802721088435375,0.16728624535315986,0.08741258741258742,0.057692307692307696,0.07659574468085108,0.0,0.020869565217391303,0.06315789473684211,0.2013888888888889,2.364952156879221,0.022770398481973434,0.03767123287671233,2.2168256833419284,2.364952156879221,0.09331562672023123,0.7,0.07231147778260241,0.057692307692307696,-0.32584063211222997,0.47586307401245465,No
scaffold_2453,52000,53000,0.0,0.0,0.0,0.013449220439519701,0.0,0.0,0.0,0.0,0.0,0.014476766356158416,0.0,0.0,0.0,0.0,0.01402784940691078,0.0,0.0,0.0,0.0,0.0,0.02871387170917489,0.0,0.0,0.0,0.0,0.03295706144967515,0.0,0.0,0.0,0.0,0.0,0.0,0.0,0.0,0.0,0.0,0.0,0.0,0.0,0.0,0.028170197569506443,0.0,0.0,0.01402784940691078,0.02871387170917489,1.0334014267124714,0.1,0.0,0.0,0.0,1.0,No
scaffold_2453,53000,54000,0.0,0.0,0.0,0.018732107181842525,0.0,0.0,0.0,0.0,0.0,0.017009859998910498,0.0,0.0,0.0,0.0,0.01677411036616813,0.0,0.0,0.0,0.0,0.0,0.033310756043126326,0.0,0.0,0.0,0.0,0.029242737710669913,0.0,0.0,0.0,0.0,0.0,0.0,0.0,0.0,0.0,0.0,0.0,0.0,0.0,0.0,0.034892392366107534,0.0,0.0,0.017009859998910498,0.033310756043126326,0.9695753287331601,0.1,0.0,0.0,0.0,1.0,No
scaffold_2453,54000,55000,0.0,0.0,0.0,0.23062426626573024,0.0,0.0,0.0,0.0,0.0,0.238982404532331,0.0,0.0,0.0,0.0,0.2513537906137184,0.0,0.0,0.0,0.0,0.0,0.267463163855609,0.0,0.0,0.0,0.0,0.2613819220113002,0.0,0.0,0.0,0.0,0.0,0.0,0.0,0.0,0.0,0.0,0.0,0.0,0.0,0.0,0.2624701965191635,0.0,0.0,0.238982404532331,0.2624701965191635,0.1352486725430654,0.1,0.0,0.0,0.0,1.0,No
scaffold_2453,55000,56000,0.0,0.0,0.0,0.017465450126665706,0.0,0.0,0.0,0.0,0.0,0.011562346788690963,0.0,0.0,0.0,0.0,0.012622485817431665,0.0,0.0,0.0,0.0,0.0,0.03017954497507245,0.0,0.0,0.0,0.0,0.02708915586851052,0.0,0.0,0.0,0.0,0.0,0.0,0.0,0.0,0.0,0.0,0.0,0.0,0.0,0.0,0.026857268898295292,0.0,0.0,0.012622485817431665,0.02708915586851052,1.1016583468991472,0.1,0.0,0.0,0.0,1.0,No
scaffold_2453,56000,57000,37.818666666666665,16.236800000000002,14.423562412342216,6.713745803554878,21.339285714285715,16.78125,20.019354838709678,22.691099476439792,46.713235294117645,5.311155145176227,24.16,13.790297339593115,21.89130434782609,15.593824228028504,5.56551057246003,19.429718875502008,23.585657370517932,19.242690058479532,36.170616113744074,30.991596638655466,6.2764681715726,19.120401337792643,21.875457875457876,21.245382585751976,24.03206412825651,5.857851499643086,18.333333333333332,23.308056872037916,20.732,31.573459715639814,22.398550724637683,17.961904761904766,21.79925650557621,17.713286713286713,22.55769230769231,25.412765957446812,19.641025641025642,21.65913043478261,22.873684210526314,36.40972222222222,5.968909849065719,21.50664136622391,20.22945205479452,5.56551057246003,5.968909849065719,0.10095340226593373,0.7,21.422963540254813,21.79925650557621,0.0251208607794639,0.525979390974014,No
scaffold_2453,57000,58000,0.08533333333333333,0.016,0.028050490883590466,1.0,0.010714285714285714,0.034374999999999996,0.06451612903225806,0.031413612565445025,0.2058823529411765,1.0,0.0,0.01564945226917058,0.06521739130434782,0.040380047505938245,1.046544610624033,0.03614457831325301,0.09163346613545818,0.023391812865497078,0.13744075829383887,0.033613445378151266,1.1321326656377344,0.0,0.08058608058608059,0.07387862796833773,0.02004008016032064,1.127605773535141,0.04040404040404041,0.06161137440758294,0.12,0.018957345971563982,0.03623188405797102,0.0,0.011152416356877323,0.03146853146853147,0.04230769230769232,0.09787234042553193,0.0,0.07652173913043478,0.021052631578947368,0.0763888888888889,1.109088617433592,0.018975332068311198,0.05479452054794521,1.0,1.127605773535141,0.1732626066233952,0.07652250047505922,0.031441072016988245,0.04230769230769232,0.4282578014265483,0.588043558224627,No
scaffold_2453,58000,59000,0.0,0.0,0.0,0.10208432022738038,0.0,0.0,0.0,0.0,0.0,0.10068366290788257,0.829090909090909,0.0,0.8434782608695652,1.190023752969121,0.0961320268179474,0.0,0.0,0.0,0.0,1.0,0.12378276945625742,0.0,0.0,0.9656992084432718,0.7094188376753506,0.12159268266124643,0.0,1.4454976303317535,0.72,0.0,0.0,0.0,0.5910780669144982,0.0,1.0615384615384615,0.0,0.331002331002331,1.565217391304348,0.0,1.0,0.11336351318705558,0.0,1.089041095890411,0.10068366290788257,0.12159268266124643,0.2722243389835766,0.1,0.0,0.9656992084432718,19.88121586337466,5.123275924589123e-08,No
scaffold_2453,59000,60000,0.0,0.0,0.0,0.07713220604288099,0.0,0.0,0.0,0.0,0.0,0.07816500517513755,1.029090909090909,0.0,1.173913043478261,1.2185273159144894,0.0806472408457968,0.0,0.0,0.0,0.0,1.1176470588235294,0.09331453126214455,0.0,0.0,0.9340369393139841,0.7334669338677354,0.09922204880645591,0.0,1.4265402843601895,0.8240000000000001,0.0,0.0,0.0,0.724907063197026,0.0,1.1346153846153848,0.09787234042553193,0.4941724941724942,1.5791304347826087,0.0,1.1458333333333333,0.10079090823153758,0.0,1.1095890410958904,0.07816500517513755,0.09922204880645591,0.34413397937338325,0.1,0.0,1.1095890410958904,20.081595313534837,1.010764876380804e-07,No
scaffold_2453,60000,61000,0.0,0.0,0.0,0.20264453277861308,0.0,0.0,0.0,0.0,0.0,0.28004303535436076,0.0,0.0,0.0,0.0,0.2678829293450232,0.0,0.0,0.0,0.0,0.0,0.29297920298464375,0.0,0.0,0.0,0.0,0.30699430147726037,0.0,0.0,0.0,0.0,0.0,0.0,0.0,0.0,0.0,0.0,0.0,0.0,0.0,0.0,0.28199607171741575,0.0,0.0,0.2678829293450232,0.29297920298464375,0.12919514845225022,0.1,0.0,0.0,0.0,1.0,No
scaffold_2453,61000,62000,0.42133333333333334,0.18239999999999998,0.09817671809256662,0.53520894692398,0.23571428571428574,0.246875,0.2838709677419355,0.23036649214659685,0.16176470588235292,0.7022321185378875,0.20727272727272725,0.12519561815336464,0.26956521739130435,0.14726840855106887,0.7590639504899432,0.2811244979919678,0.1752988047808765,0.18713450292397663,0.17061611374407584,0.35294117647058826,0.7798825240670212,0.10367892976588627,0.41758241758241754,0.39577836411609496,0.4248496993987976,0.8025480018874089,0.09090909090909091,0.12322274881516589,0.176,0.33175355450236965,0.12681159420289856,0.21496598639455786,0.36059479553903345,0.1083916083916084,0.15384615384615388,0.2808510638297873,0.26573426573426573,0.1217391304347826,0.18596491228070175,0.4027777777777778,0.7133193987837029,0.09867172675521822,0.08904109589041097,0.7022321185378875,0.7798825240670212,0.15130863511503914,0.2,0.1865497076023392,0.20727272727272725,0.15196942856683124,0.7688519650150216,No
scaffold_2453,62000,63000,0.0,0.0,0.0,0.42509216732230765,0.0,0.0,0.0,0.0,0.0,0.577368306368143,0.0,0.0,0.0,0.0,0.6602888086642599,0.0,0.0,0.0,0.0,0.0,0.6258646917089528,0.0,0.0,0.0,0.0,0.6621538238176472,0.0,0.0,0.0,0.0,0.0,0.0,0.0,0.0,0.0,0.0,0.0,0.0,0.0,0.0,0.6033274864243174,0.0,0.0,0.577368306368143,0.6258646917089528,0.11635867950181579,0.4,0.0,0.0,0.0,1.0,No
scaffold_2453,63000,64000,0.4053333333333333,0.2304,0.0,0.587615595328816,0.0,0.0,0.0,0.0,0.3455882352941176,0.6787192896442774,0.0,0.0,0.0,0.18052256532066507,0.7302733367715316,0.0,0.43027888446215146,0.34502923976608185,0.2274881516587678,0.08403361344537816,0.7597406202462775,0.34782608695652173,0.1758241758241758,0.21108179419525067,0.8336673346693386,0.7833835432470692,0.08080808080808081,0.0,0.128,0.33649289099526064,0.11594202898550726,0.0,0.0,0.0,0.08461538461538463,0.0,0.0,0.0,0.014035087719298246,0.6458333333333334,0.728927494827061,0.0,0.0,0.6787192896442774,0.7597406202462775,0.1626917156296933,0.2,0.007017543859649123,0.08080808080808081,3.5252737728163037,0.8694146974420555,No
scaffold_2453,64000,65000,0.0,0.0,0.0,1.3414413115564434,0.03214285714285715,0.028124999999999997,0.0,0.0837696335078534,0.0,1.3171950754480581,0.03272727272727272,0.0,0.0782608695652174,0.0,1.4532104177411036,0.0,0.14342629482071714,0.023391812865497078,0.08530805687203792,0.0,1.5205693918566305,0.0,0.0,0.0,0.0,1.5366532370270891,0.0,0.07109004739336493,0.0,0.04265402843601896,0.06521739130434782,0.024489795918367346,0.03345724907063197,0.0,0.0,0.03829787234042554,0.0,0.0626086956521739,0.0,0.0,1.464713729032529,0.0,0.0,1.3414413115564434,1.5205693918566305,0.18082759154631559,0.1,0.0,0.0,0.0,0.565804897852793,No
scaffold_2453,65000,66000,0.0,0.0,0.0,0.2645562581096946,0.0,0.0,0.0,0.0,0.0,0.18388761780247317,0.0,0.0,0.0,0.0,0.2025270758122744,0.0,0.0,0.0,0.0,0.0,0.2509299252728706,0.0,0.0,0.0,0.0,0.24120116632185162,0.0,0.0,0.0,0.0,0.0,0.0,0.0,0.0,0.0,0.0,0.0,0.0,0.0,0.0,0.24649448044786623,0.0,0.0,0.2025270758122744,0.24649448044786623,0.28343927668606556,0.7,0.0,0.0,0.0,1.0,No
scaffold_2453,66000,67000,37.312,19.9808,14.49929873772791,10.935987477601797,23.475,19.090625,24.65806451612903,26.942408376963346,59.65441176470588,8.609740153619873,27.389090909090907,12.94209702660407,23.330434782608695,19.446555819477435,8.856150077359464,25.6144578313253,24.756972111553786,21.327485380116958,40.44549763033176,33.15966386554622,9.69377421969554,16.816053511705686,27.42124542124542,21.113456464379947,32.2124248496994,9.809287019224953,38.035353535353536,25.246445497630333,24.484,29.270142180094787,22.550724637681164,21.689795918367345,24.39033457249071,23.26573426573427,27.36538461538462,27.48085106382979,34.33100233100233,28.907826086956522,23.982456140350873,54.208333333333336,9.680013024252418,25.99620493358634,26.458904109589042,8.856150077359464,9.69377421969554,0.13037879621466938,0.7,24.320260328239954,27.36538461538462,0.17019345517759035,0.11824376137794688,No
scaffold_2453,67000,68000,0.0,0.0,0.0,0.05730850822812185,0.0,0.0,0.0,0.0,0.0,0.06433513101269271,0.0,0.0,0.0,0.0,0.06980402269210934,0.0,0.0,0.0,0.0,0.0,0.08174459532983201,0.0,0.0,0.0,0.0,0.08646994059501772,0.0,0.0,0.0,0.0,0.0,0.0,0.0,0.0,0.0,0.0,0.0,0.0,0.0,0.0,0.07341897129412754,0.0,0.0,0.06433513101269271,0.08174459532983201,0.34551181733114883,0.1,0.0,0.0,0.0,1.0,No
scaffold_2453,68000,69000,0.042666666666666665,0.0,0.0,0.6467365559285729,0.0,0.0,0.0,0.0,0.0,0.485843275044942,0.0,0.0,0.0,0.0,0.525296544610624,0.0,0.0,0.0,0.0,0.0,0.601192525066344,0.0,0.0,0.0,0.0,0.556458930710319,0.0,0.0,0.0,0.0,0.0,0.0217687074829932,0.0,0.0,0.0,0.0,0.0,0.0,0.0,0.0,0.5705147730734084,0.0,0.0,0.525296544610624,0.5705147730734084,0.11913193237188943,0.7,0.0,0.0,0.0,0.2524601993458061,No
scaffold_2453,69000,70000,0.10133333333333333,0.0512,0.0,0.4123535105966676,0.014285714285714287,0.06874999999999999,0.05161290322580645,0.2617801047120419,0.022058823529411763,0.42184180421637524,0.03272727272727272,0.08450704225352114,0.026086956521739132,0.007125890736342042,0.4361913357400722,0.11244979919678715,0.2111553784860558,0.0,0.06635071090047394,0.13025210084033614,0.45331497540555843,0.05016722408026755,0.010989010989010988,0.047493403693931395,0.06412825651302605,0.4364753850434951,0.09090909090909091,0.037914691943127965,0.196,0.14691943127962087,0.01811594202898551,0.03537414965986395,0.040892193308550186,0.045454545454545456,0.015384615384615387,0.14893617021276598,0.0,0.041739130434782605,0.0,0.0763888888888889,0.42155513775247616,0.09487666034155598,0.1232876712328767,0.42184180421637524,0.4364753850434951,0.04919810869517601,0.4,0.05140645161290323,0.041739130434782605,-0.30054238728904953,0.7334947914541399,No
scaffold_2453,70000,71000,0.08533333333333333,0.0128,0.0,0.5698618005066629,0.03571428571428572,0.015625,0.05161290322580645,0.04886561954624782,0.022058823529411763,0.555333115432805,0.05090909090909091,0.025039123630672927,0.013043478260869566,0.011876484560570073,0.5462996389891697,0.0321285140562249,0.0557768924302789,0.0,0.014218009478672987,0.02100840336134454,0.6094091782236485,0.07023411371237458,0.010989010989010988,0.015831134564643797,0.0,0.5690900511778157,0.025252525252525256,0.0,0.05600000000000001,0.037914691943127965,0.01811594202898551,0.0380952380952381,0.040892193308550186,0.01048951048951049,0.0,0.04680851063829788,0.0,0.017391304347826087,0.0,0.05555555555555556,0.5800308800823468,0.011385199240986717,0.027397260273972605,0.555333115432805,0.5800308800823468,0.06277617006809942,0.2,0.023548973580042345,0.017391304347826087,-0.437276349915481,0.5245999344313219,No
scaffold_2453,71000,72000,0.0,0.0,0.0,0.3361687228389595,0.0,0.0,0.0,0.0,0.0,0.4074263223838318,0.0,0.0,0.0,0.0,0.43098246518824135,0.0,0.0,0.0,0.0,0.0,0.47956385116754197,0.0,0.0,0.0,0.0,0.4631773801313927,0.0,0.0,0.0,0.0,0.0,0.0,0.0,0.0,0.0,0.0,0.0,0.0,0.0,0.0,0.4522356549413383,0.0,0.0,0.4074263223838318,0.4631773801313927,0.18502518217118738,0.1,0.0,0.0,0.0,1.0,No
scaffold_2453,72000,73000,0.0,0.0,0.0,0.0034704343706877024,0.0,0.0,0.0,0.0,0.0,0.0036702620253854113,0.0,0.0,0.0,0.0,0.004783393501805054,0.0,0.0,0.0,0.0,0.0,0.017732425800290913,0.0,0.0,0.0,0.0,0.018825692957303426,0.0,0.0,0.0,0.0,0.0,0.0,0.0,0.0,0.0,0.0,0.0,0.0,0.0,0.0,0.015366517167855304,0.0,0.0,0.0036702620253854113,0.017732425800290913,2.2721232763499075,0.1,0.0,0.0,0.0,1.0,Male_Biased
scaffold_2453,73000,74000,0.021333333333333333,0.0,0.0,0.3964430622206661,0.0071428571428571435,0.0,0.012903225806451613,0.0,0.014705882352941176,0.3476943400337746,0.0,0.012519561815336464,0.0,0.0,0.3613331614234141,0.008032128514056224,0.01195219123505976,0.0029239766081871348,0.004739336492890996,0.008403361344537816,0.3909905508488691,0.0,0.0,0.005277044854881266,0.0,0.39477090970684675,0.010101010101010102,0.0,0.016,0.014218009478672987,0.0,0.0054421768707483,0.0,0.0,0.003846153846153847,0.008510638297872342,0.004662004662004662,0.01391304347826087,0.0,0.01388888888888889,0.3903179388070205,0.026565464895635677,0.0,0.3613331614234141,0.3909905508488691,0.1138037747119077,0.7,0.005090756681819648,0.003846153846153847,-0.40437195568118983,0.5833802470348911,No
scaffold_2453,74000,75000,0.096,0.0,0.0,14.017413960002472,0.0642857142857143,0.009375,0.058064516129032254,0.07329842931937172,0.06617647058823528,11.579043416680285,0.0,0.056338028169014086,0.0,0.0,13.00529912325941,0.03614457831325301,0.07569721115537849,0.02631578947368421,0.047393364928909956,0.08403361344537816,13.596651158659132,0.0,0.0,0.17941952506596306,0.08416833667334668,13.730040046943246,0.045454545454545456,0.0,0.072,0.13744075829383887,0.0,0.024489795918367346,0.0,0.0,0.03846153846153847,0.03829787234042554,0.046620046620046623,0.11478260869565218,0.0,0.09027777777777779,13.6708015166952,0.21252371916508542,0.027397260273972605,13.00529912325941,13.6708015166952,0.07199824317919878,0.7,0.037221225326839275,0.045454545454545456,0.2882920007319819,0.6824350238141701,No
scaffold_2453,75000,76000,0.0,0.0,0.0,0.0018330484213127923,0.0,0.0,0.0,0.0,0.0,0.0014095440431443045,0.0,0.0,0.0,0.0,0.0012764311500773594,0.0,0.0,0.0,0.0,0.0,0.015589433828183119,0.0,0.0,0.0,0.0,0.014300751333889878,0.0,0.0,0.0,0.0,0.0,0.0,0.0,0.0,0.0,0.0,0.0,0.0,0.0,0.0,0.014064091926013843,0.0,0.0,0.0014095440431443045,0.014300751333889878,3.3418682055733555,0.1,0.0,0.0,0.0,1.0,Male_Biased
scaffold_2453,76000,77000,0.0,0.0,0.0,0.7280394620311825,0.0,0.0,0.0,0.0,0.0,0.8157991501879392,0.0,0.0,0.0,0.0,0.8646209386281588,0.0,0.0,0.0,0.0,0.0,0.9127369227523567,0.0,0.0,0.0,0.0,0.8990478264551801,0.0,0.0,0.0,0.0,0.0,0.0,0.0,0.0,0.0,0.0,0.0,0.0,0.0,0.0,0.8733286418015482,0.0,0.0,0.8157991501879392,0.8990478264551801,0.14018369648328677,0.1,0.0,0.0,0.0,1.0,No
scaffold_2453,77000,78000,0.0,0.0,0.0,0.007569048256544395,0.0,0.0,0.0,0.0,0.0,0.005692651304679414,0.0,0.0,0.0,0.0,0.0077488396080453836,0.0,0.0,0.0,0.0,0.0,0.020830326112301664,0.0,0.0,0.0,0.0,0.020676805439608967,0.0,0.0,0.0,0.0,0.0,0.0,0.0,0.0,0.0,0.0,0.0,0.0,0.0,0.0,0.016217294946800128,0.0,0.0,0.007569048256544395,0.020676805439608967,1.4497086767605898,0.1,0.0,0.0,0.0,1.0,No
scaffold_2453,78000,79000,0.6613333333333333,0.0256,0.16549789621318373,5.775976767655964,0.15357142857142858,0.228125,0.37419354838709673,0.43630017452006975,0.5661764705882353,4.800362259628479,0.6727272727272727,0.09389671361502347,0.29565217391304355,0.18527315914489312,4.81396338318721,0.6184738955823292,0.2629482071713148,0.4152046783625731,0.20379146919431282,0.5420168067226891,5.254882801656655,0.1237458193979933,0.37362637362637363,0.2849604221635884,0.5851703406813626,5.0290491573203635,0.18181818181818182,0.3933649289099526,0.136,0.35071090047393366,0.10144927536231886,0.2585034013605442,0.5390334572490706,0.2692307692307693,0.2230769230769231,0.28936170212765966,0.4615384615384615,0.35130434782608694,0.4350877192982456,0.6319444444444445,5.024788093312466,0.07210626185958255,0.3321917808219178,4.81396338318721,5.0290491573203635,0.06306047436920123,0.7,0.26608948820104206,0.35130434782608694,0.4008085984740589,0.12570678846187133,No
scaffold_2453,79000,80000,0.9333333333333333,0.4192,0.44880785413744745,0.7983646736555929,1.2107142857142859,0.365625,0.567741935483871,0.35602094240837695,0.8602941176470588,0.5899180149261862,0.6618181818181819,0.6604068857589984,0.5086956521739131,0.9358669833729216,0.6759927797833934,0.6144578313253012,0.9601593625498009,0.5760233918128655,0.6587677725118484,0.24369747899159663,0.7382884933545041,0.294314381270903,0.47985347985347987,0.42216358839050133,0.5571142284569137,0.7100286740953142,0.5202020202020202,2.2369668246445498,0.788,0.7962085308056872,0.6340579710144928,0.653061224489796,1.420074349442379,0.493006993006993,0.6192307692307694,1.795744680851064,0.62004662004662,0.6330434782608696,0.3333333333333333,3.493055555555556,0.7122375455586248,0.6148007590132828,0.4486301369863014,0.6759927797833934,0.7122375455586248,0.07535054338381776,0.7,0.614629295169292,0.62004662004662,0.01266014041895258,0.525979390974014,No
scaffold_2453,80000,81000,0.0,0.0,0.0,0.8118138940951126,0.0,0.0,0.0,0.0,0.0,0.9010118755787984,0.0,0.0,0.0,0.0,0.9657039711191335,0.0,0.0,0.0,0.0,0.0,1.0,0.0,0.0,0.0,0.0,1.0,0.0,0.0,0.0,0.0,0.0,0.0,0.0,0.0,0.0,0.0,0.0,0.0,0.0,0.0,0.9174220382955035,0.0,0.0,0.9010118755787984,1.0,0.15038181511561247,0.1840386271964254,0.0,0.0,0.0,1.0,No
scaffold_2453,81000,82000,2.4213333333333336,1.8463999999999998,1.0799438990182328,1.5450950507692627,1.6857142857142857,1.4093749999999998,2.258064516129032,1.9406631762652702,3.2132352941176467,1.6100193386718962,0.84,1.589984350547731,1.6347826086956523,1.9358669833729216,1.578958225889634,1.7791164658634535,2.8406374501992033,1.7339181286549707,2.7677725118483414,1.8655462184873952,1.7854010059848324,1.3043478260869563,1.5128205128205128,0.6649076517150396,1.5871743486973946,1.6755955621695524,0.3686868686868687,0.9478672985781991,1.092,2.322274881516588,2.039855072463768,1.2136054421768707,1.0,1.3391608391608392,1.3461538461538463,1.9787234042553197,1.1235431235431237,1.3530434782608696,1.5894736842105264,2.3055555555555554,1.6841093617065972,1.0018975332068312,1.784246575342466,1.578958225889634,1.6841093617065972,0.09301276660795788,0.1,1.756517297259212,1.3461538461538463,-0.3838742343511317,0.013921378496280744,No
scaffold_2453,82000,83000,1.0666666666666667,0.6335999999999999,0.600280504908836,5.531738512553292,0.775,1.0125,0.7806451612903226,1.0261780104712042,1.786764705882353,5.4336560984910385,1.1527272727272726,0.835680751173709,1.1130434782608696,0.7244655581947743,5.453996905621454,1.0,1.0717131474103587,1.1257309941520468,1.943127962085308,0.7184873949579832,6.058671344977293,0.7792642140468227,1.3919413919413919,0.48548812664907653,0.5691382765531061,5.741836351977545,0.4292929292929293,0.4407582938388626,0.852,1.6729857819905214,0.6557971014492754,0.5333333333333333,1.312267657992565,0.8566433566433568,0.9346153846153848,0.8170212765957447,0.9090909090909091,1.325217391304348,0.6175438596491228,0.9444444444444445,5.727751110737656,1.3510436432637571,1.1986301369863015,5.453996905621454,5.741836351977545,0.07419831790687552,0.1,0.9283216783216783,0.9090909090909091,-0.030200204900763274,0.41235185588802903,No
scaffold_2453,83000,84000,3.322666666666667,1.8112000000000001,1.2033660589060309,4.458323893477232,2.7392857142857143,2.96875,1.9419354838709675,3.1657940663176265,6.227941176470588,3.9874026257013675,4.8,1.6557120500782474,4.065217391304348,1.2612826603325415,4.5412068076328005,3.542168674698795,3.0000000000000004,2.350877192982456,4.14218009478673,4.491596638655462,4.578718868322581,1.8494983277591972,4.161172161172161,3.023746701846966,4.220440881763527,4.843490254437226,3.8636363636363638,1.4312796208530807,2.616,3.090047393364929,1.2717391304347827,2.473469387755102,3.9182156133828996,2.4265734265734267,2.2538461538461543,2.6170212765957452,2.0512820512820515,2.4521739130434783,2.9052631578947365,8.569444444444445,4.726354154631487,1.5104364326375712,1.421232876712329,4.458323893477232,4.726354154631487,0.08422628788660927,0.1,2.67815349544073,3.023746701846966,0.1750985794958399,0.36147129980616555,No
scaffold_2453,84000,85000,1.9093333333333333,1.8912,0.47124824684431976,5.380409037546599,1.0,1.1125,1.129032258064516,1.7068062827225128,2.786764705882353,4.4334654355286816,1.0327272727272727,0.46009389671361506,1.282608695652174,1.0,4.672150593089221,1.0682730923694779,1.1195219123505977,1.476608187134503,1.4786729857819907,1.2983193277310925,4.67477598516561,0.6856187290969898,1.619047619047619,1.0343007915567282,1.3386773547094186,4.911424872660399,2.0,0.981042654028436,1.3279999999999998,1.1990521327014219,0.9565217391304349,1.1945578231292517,0.8513011152416358,0.5,1.6961538461538463,0.94468085106383,1.4265734265734267,1.2904347826086957,1.0,2.638888888888889,4.966903694056109,0.9981024667931689,1.0684931506849316,4.672150593089221,4.911424872660399,0.07205484010049068,0.7,1.1160109561752989,1.2904347826086957,0.20950586549969805,0.3453110607742107,No
scaffold_2453,85000,86000,0.0,0.0,0.0,0.012728358700801187,0.0,0.0,0.0,0.0,0.0,0.0063872092389824055,0.0,0.0,0.0,0.0,0.00798091799896854,0.0,0.0,0.0,0.0,0.0,0.021041294233908128,0.0,0.0,0.0,0.0,0.02205606572054251,0.0,0.0,0.0,0.0,0.0,0.0,0.0,0.0,0.0,0.0,0.0,0.0,0.0,0.0,0.019977522661148862,0.0,0.0,0.00798091799896854,0.021041294233908128,1.3984846470086691,0.1,0.0,0.0,0.0,1.0,No
scaffold_2453,86000,87000,0.0,0.0,0.0,0.07384713611929232,0.0,0.0,0.0,0.0,0.0,0.05671542190989814,0.0,0.0,0.0,0.0,0.0612944816915936,0.0,0.0,0.0,0.0,0.0,0.07610397397319595,0.0,0.0,0.0,0.0,0.07596820442089217,0.0,0.0,0.0,0.0,0.0,0.0,0.0,0.0,0.0,0.0,0.0,0.0,0.0,0.0,0.07425924564370266,0.0,0.0,0.0612944816915936,0.07596820442089217,0.3096339812159218,0.1,0.0,0.0,0.0,1.0,No
scaffold_2453,87000,88000,0.20800000000000002,0.2912,0.04768583450210379,17.251282104092436,0.23214285714285718,0.056249999999999994,0.16129032258064516,0.2338568935427574,0.3161764705882353,9.01921610284905,0.3381818181818182,0.12206572769953053,0.29565217391304355,0.19239904988123516,8.578506962351728,0.1285140562248996,0.5657370517928287,0.19005847953216376,0.18483412322274884,0.15126050420168066,11.522523622877825,0.38127090301003336,0.20879120879120877,0.17941952506596306,0.17635270541082163,10.538238176472724,0.07070707070707072,0.0995260663507109,0.18,0.17061611374407584,0.2898550724637682,0.17142857142857143,0.14869888475836432,0.3496503496503497,0.15384615384615388,0.12765957446808512,0.21445221445221446,0.3652173913043478,0.2070175438596491,0.7083333333333334,14.551472055626162,0.08728652751423151,0.1267123287671233,9.01921610284905,11.522523622877825,0.3533827371795026,0.7,0.19853801169590643,0.17941952506596306,-0.14607757708666758,0.840640967398935,No
scaffold_2453,88000,89000,1.0666666666666667,0.4032,0.31977559607293127,0.16398574753362308,0.6714285714285715,0.521875,0.7870967741935484,0.7609075043630017,0.9852941176470588,0.20470392765702458,1.0,0.2879499217527387,0.7217391304347827,0.6270783847980999,0.21713512119649303,0.7710843373493975,0.5657370517928287,0.6783625730994152,0.8530805687203792,1.1680672268907564,0.23834956307391655,0.44481605351170567,0.934065934065934,1.2242744063324538,1.1663326653306614,0.24855722115349715,1.4696969696969697,0.8483412322274883,1.0,0.9052132701421801,0.3369565217391305,0.9605442176870749,0.8736059479553904,0.7517482517482518,0.8884615384615386,0.7659574468085107,0.7878787878787878,0.9217391304347826,0.5052631578947369,1.625,0.22996208261997542,0.7324478178368122,0.6301369863013699,0.20470392765702458,0.23834956307391655,0.21953920226697876,0.1,0.742098034792532,0.9217391304347826,0.3127483330871564,0.00283256214846513,No
scaffold_2453,89000,90000,0.0,0.7040000000000001,0.9537166900420757,0.25128210409243507,0.5571428571428572,1.0,1.761290322580645,0.6247818499127399,1.463235294117647,0.24394645094514356,0.4072727272727273,1.051643192488263,0.0,0.0,0.26456936565239814,0.8032128514056224,0.0,0.0,1.0,0.0,0.2970764259779483,0.7625418060200667,0.6446886446886447,0.0,0.0,0.2958150339370622,0.0,0.018957345971563982,1.036,1.042654028436019,0.0,1.2190476190476192,0.0,1.090909090909091,0.9384615384615386,0.9872340425531916,0.5594405594405594,0.5704347826086956,0.5894736842105263,0.0,0.27878202233029087,1.426944971537002,0.6301369863013699,0.25128210409243507,0.2958150339370622,0.23538658230061102,0.1,0.8784647707238491,0.0,-19.744626547387558,0.00214950861555631,No
scaffold_2453,90000,91000,0.0,0.0,0.0,0.018258398039256073,0.0,0.0,0.0,0.0,0.0,0.019134390150896116,0.0,0.0,0.0,0.0,0.022988653945332643,0.0,0.0,0.0,0.0,0.0,0.03392145323725031,0.0,0.0,0.0,0.0,0.03733681778035885,0.0,0.0,0.0,0.0,0.0,0.0,0.0,0.0,0.0,0.0,0.0,0.0,0.0,0.0,0.029850746268656716,0.0,0.0,0.019134390150896116,0.03392145323725031,0.8259971915369608,0.1,0.0,0.0,0.0,1.0,No
scaffold_2453,91000,92000,0.0,0.0,0.0,216.8447160834552,0.0,0.0,0.0,0.0,0.0,301.73279266764723,0.0,0.0,0.0,0.0,1704.0477050025784,0.0,0.0,0.0,0.0,0.04201680672268908,734.3055151508422,0.0,0.0,0.0,0.04008016032064128,1660.9861227057702,0.16666666666666669,0.0,0.0,0.0,0.01811594202898551,0.0,0.0,0.0,0.0,0.0,0.05128205128205128,0.0,0.0,0.0,1077.6848761120505,0.0,0.0,301.73279266764723,1077.6848761120505,1.836591976584037,0.7,0.0,0.0,0.0,0.04794961224938618,No
scaffold_2453,92000,93000,0.032,0.0832,0.016830294530154277,0.4042489650485037,0.0,0.103125,0.1806451612903226,0.09773123909249563,0.029411764705882353,0.4613635125565179,0.16,0.018779342723004695,0.02173913043478261,0.0688836104513064,0.4939401753481176,0.08835341365461846,0.043824701195219126,0.043859649122807015,0.028436018957345974,0.09243697478991597,0.5187261966889108,0.02006688963210702,0.021978021978021976,0.10026385224274406,0.20841683366733466,0.5164845801120347,0.0,0.08530805687203792,0.11200000000000002,0.1137440758293839,0.021739130434782608,0.0,0.03345724907063197,0.02097902097902098,0.05000000000000001,0.0,0.12121212121212122,0.1426086956521739,0.0,0.125,0.5118846303318033,0.05692599620493359,0.1506849315068493,0.4613635125565179,0.5164845801120347,0.16282103227364414,0.1,0.028923891831614163,0.10026385224274406,1.7934324897626466,0.005064714092985165,No
scaffold_2453,93000,94000,2.8213333333333335,1.7792,1.0462833099579243,21.670957510349517,2.4642857142857144,1.915625,2.0129032258064514,2.677137870855148,3.0955882352941173,16.21149289099526,3.174545454545455,1.1768388106416274,2.604347826086957,1.5961995249406176,17.416838576585867,2.72289156626506,2.1792828685258967,1.8421052631578947,2.5165876777251186,2.823529411764706,17.54815069786034,0.983277591973244,2.8644688644688645,2.8548812664907652,2.224448897795591,18.586028335329633,2.2676767676767677,3.123222748815166,2.6879999999999997,2.4312796208530805,1.6268115942028987,1.6707482993197278,2.6022304832713754,1.5139860139860142,2.5423076923076926,2.838297872340426,3.034965034965035,2.573913043478261,2.1894736842105265,3.569444444444444,18.470249036310356,2.546489563567363,1.8253424657534247,17.416838576585867,18.470249036310356,0.08472053731953658,0.7,2.1843782763682116,2.604347826086957,0.25369932093986397,0.019514808887976874,No
scaffold_2453,94000,95000,17.151999999999997,10.224,8.695652173913043,0.35381953741272426,13.942857142857143,11.85625,14.309677419354838,13.232111692844676,21.198529411764703,0.3812510214087269,13.367272727272727,8.056338028169014,12.17826086956522,10.318289786223277,0.37287261474987105,14.542168674698795,10.860557768924304,10.494152046783626,18.085308056872037,13.336134453781513,0.43786988818689554,7.341137123745819,12.992673992673993,12.49076517150396,16.12024048096192,0.4098701801507507,16.252525252525253,17.32701421800948,9.824,17.77251184834123,9.978260869565219,12.982312925170069,16.349442379182154,9.965034965034965,11.350000000000001,15.868085106382981,16.783216783216783,13.071304347826086,11.943859649122807,28.430555555555554,0.4013360362158245,13.301707779886147,10.188356164383562,0.37287261474987105,0.4098701801507507,0.1364838384287238,0.1,12.987493458922032,13.336134453781513,0.038217529211434835,0.36147129980616555,No
scaffold_2453,95000,96000,0.18666666666666665,0.1568,0.12061711079943899,0.4774267295532717,0.1392857142857143,0.2125,0.12258064516129032,0.32111692844677137,0.5367647058823529,0.5032548891431061,0.11636363636363636,0.09389671361502347,0.20434782608695654,0.09738717339667458,0.5160907684373388,0.3052208835341365,0.2470119521912351,0.15789473684210528,0.18009478672985782,0.273109243697479,0.5543353948990128,0.16387959866220733,0.2271062271062271,0.12664907651715038,0.20440881763527052,0.5353586681669147,0.31313131313131315,0.1943127962085308,0.032,0.27014218009478674,0.11594202898550726,0.22857142857142856,0.1524163568773234,0.24825174825174826,0.08461538461538463,0.2,0.06526806526806528,0.22608695652173913,0.18947368421052632,0.1527777777777778,0.5151196865776676,0.1555977229601518,0.10958904109589042,0.5032548891431061,0.5353586681669147,0.08921630647539404,0.2,0.1880701754385965,0.1524163568773234,-0.30325155002692106,0.086004787108282,No
scaffold_2453,96000,97000,0.058666666666666666,0.0928,0.061711079943899017,0.393940642184829,0.23214285714285718,0.40625,0.5161290322580645,0.2897033158813263,0.16176470588235292,0.4693373100179768,0.31272727272727274,0.12519561815336464,0.12608695652173912,0.026128266033254157,0.45514440433212994,0.17269076305220882,0.12749003984063748,0.15789473684210528,0.18483412322274884,0.5672268907563026,0.5041693962980647,0.07357859531772575,0.3553113553113553,0.5277044854881267,0.48897795591182364,0.5082816110727983,0.5353535353535354,0.0,0.248,0.05213270142180095,0.11594202898550726,0.1687074829931973,0.26765799256505574,0.0,0.2923076923076923,0.13617021276595748,0.2517482517482518,0.3826086956521739,0.07719298245614035,0.37500000000000006,0.4857100843425378,0.04174573055028463,0.10616438356164384,0.45514440433212994,0.5041693962980647,0.14758389536088168,0.1,0.1318301263032975,0.2923076923076923,1.148801689302418,0.023924104215603603,No
scaffold_2453,97000,98000,0.0,0.0,0.0,1.5393075608098368,0.0,0.0,0.0,0.0,0.0,1.5017636324018084,0.0,0.0,0.0,0.0,1.5818592057761733,0.0,0.0,0.0,0.0,0.0,1.7040783468982135,0.0,0.0,0.0,0.0,1.7314918998705433,0.0,0.0,0.0,0.0,0.0,0.0,0.0,0.0,0.0,0.0,0.0,0.0,0.0,0.0,1.6254582121062526,0.0,0.0,1.5393075608098368,1.7040783468982135,0.14671005832868023,0.1,0.0,0.0,0.0,1.0,No
scaffold_2453,98000,99000,0.0,0.0,0.0,1.082147344139394,0.0,0.021875000000000002,0.0,0.0,0.0,1.5081031759002015,0.025454545454545455,0.0,0.0,0.0,1.490897369778236,0.0,0.0,0.0,0.0,0.0,1.4853488191336983,0.0,0.0,0.0,0.0,1.5115845764824023,0.0,0.0,0.0,0.0,0.0,0.0,0.0,0.0,0.0,0.0,0.0,0.0,0.0,0.09722222222222224,1.3366454147279085,0.026565464895635677,0.0,1.490897369778236,1.4853488191336983,-0.0053791722091931565,1.0,0.0,0.0,0.0,0.6669487266248506,No
scaffold_2453,99000,100000,0.2613333333333333,0.0,0.0,7.637983234815563,0.14285714285714288,0.0,0.07741935483870967,0.2338568935427574,0.125,9.328553140491367,0.2690909090909091,0.0,0.10869565217391305,0.11163895486935867,9.918295513151108,0.0321285140562249,0.19123505976095617,0.058479532163742694,0.037914691943127965,0.15126050420168066,10.169240847869778,0.0,0.1282051282051282,0.6015831134564643,0.26452905811623245,10.108913167096173,0.11616161616161617,0.2559241706161138,0.148,0.09478672985781991,0.0,0.054421768707483,0.10780669144981413,0.09790209790209792,0.0,0.0,0.17249417249417248,0.0591304347826087,0.18947368421052632,0.1736111111111111,9.447299043137583,0.030360531309297917,0.1232876712328767,9.328553140491367,10.108913167096173,0.11590264472278496,0.2,0.05645065043561284,0.148,1.3905192580135872,0.009013940366074351,No
scaffold_2453,100000,101000,0.0,0.0,0.0,1.1398677733610696,0.0,0.0,0.0,0.0,0.0,1.5403933104537777,0.0,0.0,0.0,0.0,1.5405750386797317,0.0,0.0,0.0,0.0,0.0,1.5704244900678428,0.0,0.0,0.0,0.0,1.52806310720724,0.0,0.0,0.0,0.0,0.0,0.0,0.0,0.0,0.0,0.0,0.0,0.0,0.0,0.0,1.4311972859138506,0.0,0.0,1.5403933104537777,1.52806310720724,-0.011594629226263052,1.0,0.0,0.0,0.0,1.0,No
scaffold_2453,101000,102000,0.048,0.0,0.0,3.0551253269622887,0.0,0.0,0.0,0.031413612565445025,0.0,3.86878983494035,0.02909090909090909,0.0,0.0,0.023752969121140145,4.145951521402785,0.0,0.0,0.06432748538011696,0.0,0.10084033613445378,4.055451305226458,0.0,0.04395604395604395,1.5356200527704487,0.0,4.241975487883077,2.3333333333333335,0.0,0.0,0.05687203791469195,0.0,0.0217687074829932,0.0,0.0,0.0,0.0,0.0,0.017391304347826087,0.0,0.16666666666666666,3.8524058104971273,0.0,0.0,3.86878983494035,4.055451305226458,0.06798009541973415,0.7,0.0,0.0,0.0,0.18553104655467123,No
scaffold_2453,102000,103000,3.504,1.2608,1.0546984572230014,1.7808168393302166,1.4035714285714287,2.5749999999999997,2.1032258064516127,1.863874345549738,1.9926470588235292,2.112892901890287,3.389090909090909,1.3834115805946792,1.3956521739130436,1.3942992874109263,2.4202552862300157,1.321285140562249,2.593625498007968,1.324561403508772,1.7440758293838865,3.6848739495798317,2.3571579262944007,1.6956521739130435,1.945054945054945,2.422163588390501,5.058116232464929,2.48909295488367,4.828282828282829,2.199052132701422,1.592,1.8672985781990523,2.0144927536231885,2.8816326530612244,3.0148698884758365,1.9055944055944058,0.8923076923076924,1.3914893617021278,1.5804195804195804,2.813913043478261,2.2280701754385963,2.638888888888889,2.306237986702658,1.6394686907020875,1.226027397260274,2.112892901890287,2.3571579262944007,0.15782870768501214,0.4,1.8655864618743951,2.422163588390501,0.37666690315762824,0.1686417355756903,No
scaffold_2453,103000,104000,0.0,0.0,0.0,0.015858958251807304,0.0,0.0,0.0,0.0,0.0,0.015859072833251622,0.0,0.0,0.0,0.0,0.018824136152656008,0.0,0.0,0.0,0.0,0.0,0.028869321904042816,0.0,0.0,0.0,0.0,0.028952367125210217,0.0,0.0,0.0,0.0,0.0,0.0,0.0,0.0,0.0,0.0,0.0,0.0,0.0,0.0,0.028621845032403077,0.0,0.0,0.015859072833251622,0.028869321904042816,0.8641877974528245,0.1,0.0,0.0,0.0,1.0,No
scaffold_2453,104000,105000,0.0,0.0,0.0,0.3708318744464812,0.0,0.0,0.0,0.0,0.0,0.3919213379092444,0.16727272727272727,0.0,0.052173913043478265,0.02850356294536817,0.4175219185146983,0.0,0.0,0.0,0.0,0.20168067226890757,0.4570568836677363,0.0,0.0,0.25329815303430075,0.5290581162324649,0.453921817719865,0.0,0.1090047393364929,0.184,0.0,0.0,0.0,0.08921933085501858,0.0,0.17692307692307696,0.0,0.16317016317016317,0.16,0.0,0.15972222222222224,0.44983036961567946,0.0,0.2363013698630137,0.3919213379092444,0.453921817719865,0.21187920848753544,0.1,0.0,0.16317016317016317,17.31602659040211,5.135520005201742e-08,No
scaffold_2453,105000,106000,0.0,0.0,0.0,0.5679463678866393,0.0,0.0,0.0,0.0,0.0,0.5145652884458245,0.0,0.0,0.0,0.0,0.5822331098504383,0.0,0.0,0.0,0.0,0.0,0.6086430308346564,0.0,0.0,0.0,0.0,0.606693041994846,0.0,0.0,0.0,0.014218009478672987,0.0,0.0,0.0,0.0,0.0,0.0,0.0,0.0,0.0,0.0,0.5984223849086726,0.0,0.0,0.5679463678866393,0.606693041994846,0.09521190325313642,0.1,0.0,0.0,0.0,0.4408998098859007,No
scaffold_2453,106000,107000,9.152,5.0432,4.911640953716691,6.123195271146994,6.614285714285715,5.390625,8.025806451612903,6.823734729493892,11.38235294117647,5.923142397995315,5.712727272727273,4.622848200312989,7.117391304347827,5.20665083135392,6.04413357400722,5.518072289156626,6.127490039840638,4.733918128654971,10.843601895734597,5.436974789915967,6.807197344022385,5.668896321070234,6.813186813186814,8.24802110817942,4.997995991983968,6.472820103323533,3.0303030303030303,6.0142180094786735,8.708,10.028436018957347,5.253623188405798,4.8054421768707485,4.836431226765799,5.003496503496504,7.3038461538461545,5.800000000000002,5.585081585081586,5.686956521739131,4.512280701754386,11.833333333333334,6.44302414738412,7.180265654648958,6.078767123287672,6.04413357400722,6.472820103323533,0.09885884824236027,0.1,5.734448160535118,5.712727272727273,-0.005475001137290482,0.840640967398935,No
scaffold_2453,107000,108000,0.08,0.016,0.014025245441795233,10.55521800918584,0.01785714285714286,0.03125,0.0,0.013961605584642232,0.0,7.85587922863213,0.10909090909090909,0.0,0.02173913043478261,0.0,8.429783393501806,0.0,0.05976095617529881,0.0,0.023696682464454978,0.04201680672268908,9.558254960526755,0.016722408026755852,0.03663003663003663,0.026385224274406333,0.12024048096192384,9.092374142499365,0.025252525252525256,0.09478672985781991,0.12,0.023696682464454978,0.0,0.01360544217687075,0.1449814126394052,0.017482517482517484,0.019230769230769235,0.0,0.046620046620046623,0.017391304347826087,0.017543859649122806,0.034722222222222224,9.483661915615448,0.0,0.01712328767123288,8.429783393501806,9.483661915615448,0.16994865283732585,0.7,0.015012622720897616,0.034722222222222224,1.2096286973280603,0.0015636393440365847,No
scaffold_2453,108000,109000,0.0,0.0,0.0,5.077853067781599,0.0,0.0,0.0,0.0,0.0,4.922822356594215,0.0,0.0,0.0,0.0,5.562300154718927,0.0,0.0,0.0,0.0,0.0,5.388292379609376,0.0,0.0,0.0,0.0,5.58354808657883,0.0,0.0,0.0,0.0,0.0,0.0,0.0,0.0,0.0,0.0,0.0,0.0,0.0,0.0,5.764071969498041,0.0,0.0,5.077853067781599,5.58354808657883,0.13696350378477373,0.2,0.0,0.0,0.0,1.0,No
scaffold_2453,109000,110000,28.56,12.8896,7.663394109396915,13.398852800032955,20.817857142857143,19.174999999999997,18.84516129032258,24.506108202443276,23.911764705882355,11.820885765647983,22.956363636363637,13.323943661971832,20.365217391304352,13.629453681710215,11.806446621970087,18.566265060240962,13.65338645418327,14.891812865497077,20.94312796208531,25.449579831932773,13.061069719412398,13.214046822742473,25.076923076923073,21.71503957783641,19.991983967935873,12.583959444908231,18.464646464646467,17.56398104265403,19.84,31.251184834123222,13.068840579710146,16.710204081632654,19.401486988847584,18.37062937062937,24.788461538461544,24.000000000000004,24.885780885780886,17.996521739130436,20.70877192982456,34.583333333333336,12.921098238574896,11.931688804554081,21.23972602739726,11.820885765647983,12.921098238574896,0.12839054385265128,0.7,18.705713175281772,20.365217391304352,0.12262823715898678,0.13353180422721384,No
scaffold_2453,110000,111000,0.0,0.0,0.0,4.194375218833028,0.0,0.0,0.0,0.0,0.0,3.777503132320096,0.0,0.0,0.0,0.0,3.866529138731305,0.0,0.0,0.0,0.0,0.0,4.388569969243068,0.0,0.0,0.0,0.0,4.022467424049944,0.0,0.0,0.0,0.0,0.0,0.0,0.0,0.0,0.0,0.0,0.0,0.0,0.0,0.0,4.22507798796307,0.0,0.0,3.866529138731305,4.22507798796307,0.12793885429438434,0.2,0.0,0.0,0.0,1.0,No
scaffold_2453,111000,112000,0.0,0.0,0.0,0.006580437872016147,0.0,0.0,0.0,0.0,0.0,0.004834667974069837,0.0,0.0,0.0,0.0,0.00612429087158329,0.0,0.0,0.0,0.0,0.0,0.022862282230932368,0.0,0.0,0.0,0.0,0.02053162014687912,0.0,0.0,0.0,0.0,0.0,0.0,0.0,0.0,0.0,0.0,0.0,0.0,0.0,0.0,0.017036562437635887,0.0,0.0,0.00612429087158329,0.02053162014687912,1.7450674799588404,0.1,0.0,0.0,0.0,1.0,No
scaffold_2453,112000,113000,0.0,0.0,0.0,0.5847321483739418,0.0,0.0,0.0,0.0,0.0,0.7032807648308547,0.0,0.0,0.0,0.0,0.7548736462093862,0.0,0.0,0.0,0.0,0.0,0.7792496197022017,0.0,0.0,0.0,0.0,0.7887312015292851,0.0,0.0,0.0,0.0,0.0,0.0,0.0,0.0,0.0,0.0,0.0,0.0,0.0,0.0,0.7508061382041237,0.0,0.0,0.7032807648308547,0.7792496197022017,0.14798458655013522,0.2,0.0,0.0,0.0,1.0,No
scaffold_2453,113000,114000,0.0,0.0,0.0,0.4703107943896361,0.0,0.0,0.0,0.0,0.0,0.5668001307403171,0.0,0.0,0.0,0.0,0.5470474471376998,0.0,0.0,0.0,0.0,0.0,0.6127180466572657,0.0,0.0,0.0,0.0,0.5904685855322857,0.0,0.0,0.0,0.0,0.0,0.0,0.0,0.0,0.0,0.0,0.0,0.0,0.0,0.0,0.5758400117638409,0.0,0.0,0.5470474471376998,0.5904685855322857,0.11019414469211743,0.1,0.0,0.0,0.0,1.0,No
scaffold_2453,114000,115000,27.18933333333333,18.0544,11.873772791023843,22.412971392086998,15.089285714285715,13.36875,21.625806451612906,18.799301919720765,34.382352941176464,16.252859944435365,14.465454545454547,15.201877934272302,17.021739130434785,18.95724465558195,16.474742135121197,18.48995983935743,19.65737051792829,13.25438596491228,26.303317535545027,16.680672268907564,17.88357890762927,11.839464882943142,15.684981684981684,17.65699208443272,16.096192384769537,17.585725865969778,14.924242424242424,14.928909952606636,23.124000000000002,22.886255924170616,18.655797101449277,13.836734693877553,12.226765799256507,16.95104895104895,23.938461538461542,23.731914893617027,18.205128205128204,19.78086956521739,16.063157894736843,26.86111111111111,18.237072904303254,25.916508538899436,22.941780821917806,16.474742135121197,17.88357890762927,0.11837959019024581,0.7,18.272179919678713,17.65699208443272,-0.049409161859206276,0.962990147829499,No
scaffold_2453,115000,116000,0.3253333333333333,0.2464,0.04207573632538569,0.5125738883282187,0.21785714285714286,0.165625,0.3935483870967742,0.23734729493891799,0.6176470588235293,0.6085825570627009,0.28363636363636363,0.19092331768388107,0.29565217391304355,0.20190023752969122,0.7192238267148015,0.5220883534136546,0.21513944223107573,0.35964912280701755,0.7582938388625593,0.31512605042016806,0.7087973706709897,0.22742474916387959,0.25274725274725274,0.16358839050131926,0.21643286573146292,0.7664089627720713,0.15656565656565657,0.46919431279620855,0.33999999999999997,0.5118483412322276,0.2753623188405797,0.14421768707482996,0.28624535315985133,0.3951048951048951,0.2384615384615385,0.3914893617021277,0.32167832167832167,0.24,0.09824561403508772,0.27083333333333337,0.6853277595134811,0.34914611005692603,0.2363013698630137,0.6085825570627009,0.7087973706709897,0.2199199324378345,0.4,0.2640547857939162,0.27083333333333337,0.036567886155437886,0.546361666454563,No
scaffold_2453,116000,117000,0.0,0.0,0.0,4.5842584392313555,0.0,0.0,0.0,0.0,0.0,3.0585743857928853,0.0,0.0,0.0,0.0,3.379873646209386,0.0,0.0,0.0,0.0,0.0,3.855131521968443,0.0,0.0,0.0,0.0,3.703446940824895,0.0,0.0,0.0,0.0,0.0,0.0,0.0,0.0,0.0,0.0,0.0,0.0,0.0,0.0,3.700169105212852,0.0,0.0,3.379873646209386,3.703446940824895,0.13189931705595795,0.7,0.0,0.0,0.0,1.0,No
scaffold_2453,117000,118000,5.215999999999999,3.0976,1.7054698457223,5.703705229337014,3.4750000000000005,3.25,3.52258064516129,3.1343804537521813,7.6911764705882355,5.902278422400175,2.7927272727272725,2.6979655712050077,2.865217391304348,3.4061757719714962,6.416374419804023,3.188755020080321,3.4342629482071714,2.9239766081871346,5.71090047393365,3.1554621848739495,6.429542199176114,2.792642140468227,3.380952380952381,3.620052770448549,3.0260521042084165,6.583076234377457,2.9343434343434343,2.279620853080569,3.6479999999999997,4.573459715639811,3.702898550724638,2.938775510204082,2.2379182156133828,3.4475524475524475,4.538461538461539,3.7957446808510644,3.5384615384615383,3.965217391304348,3.3017543859649123,5.243055555555555,6.2163916518743365,5.055028462998103,4.174657534246576,5.902278422400175,6.429542199176114,0.12344402015425633,0.2,3.407607664579776,3.4061757719714962,-0.0006063544015867822,0.6762289556640524,No
scaffold_2453,118000,119000,26.704,13.974400000000001,10.782608695652174,86.07718369616708,20.62857142857143,17.046874999999996,19.509677419354837,22.617801047120416,32.3235294117647,68.99398049790271,19.22909090909091,12.713615023474178,17.26521739130435,11.691211401425178,72.10942496132027,21.216867469879517,20.721115537848608,16.535087719298247,25.834123222748815,24.336134453781515,73.98998456601636,15.277591973244146,25.695970695970697,24.242744063324537,18.424849699398795,73.72417214136208,12.808080808080808,17.298578199052134,21.848,26.23222748815166,17.985507246376812,15.812244897959184,16.799256505576206,15.279720279720282,22.161538461538463,22.18297872340426,18.839160839160837,19.530434782608694,18.46666666666667,37.84027777777778,75.01315029357085,19.38519924098672,16.19178082191781,72.10942496132027,73.98998456601636,0.03714216010643239,0.7,19.447438330170776,18.839160839160837,-0.045845425793295994,0.8649006171360114,No
scaffold_2453,119000,120000,2.010666666666667,1.2256,1.262272089761571,30.418120404506418,1.7535714285714288,1.5125,2.8774193548387097,1.818499127399651,2.926470588235294,24.477399629569103,2.4909090909090907,1.1737089201877935,1.6086956521739133,1.9786223277909738,26.14272821041774,1.036144578313253,1.760956175298805,1.2573099415204678,1.8388625592417063,2.1176470588235294,27.763471424923107,1.0501672240802675,1.7326007326007327,1.525065963060686,2.376753507014028,27.56024584709569,1.97979797979798,1.9763033175355451,1.7600000000000002,2.123222748815166,1.0434782608695652,1.197278911564626,1.6319702602230481,1.486013986013986,2.0653846153846156,2.485106382978724,2.0372960372960374,2.146086956521739,1.5052631578947369,4.138888888888889,28.138414192233764,1.582542694497154,2.3698630136986303,26.14272821041774,27.763471424923107,0.086778258171409,0.7,1.547521347248577,2.0372960372960374,0.3966960970802061,0.006794315475621953,No
scaffold_2453,120000,121000,0.005333333333333333,0.0,0.0,1.6519370584721853,0.0,0.0,0.0,0.0,0.0,2.1627444571553087,0.0,0.0,0.013043478260869566,0.0,2.4204873646209384,0.024096385542168672,0.0,0.0,0.0,0.0,2.3654078902077478,0.0,0.0,0.0,0.0,2.4064704245459936,0.0,0.0,0.0,0.0,0.0,0.0,0.0,0.0,0.0,0.0,0.0,0.0,0.0,0.0,2.1767622128624993,0.0,0.0,2.1627444571553087,2.3654078902077478,0.12922571453191403,0.7,0.0,0.0,0.0,0.8191159065686927,No
scaffold_2453,121000,122000,0.0,0.0,0.0,0.03270652688814286,0.0,0.0,0.0,0.0,0.0,0.02303617148771586,0.0,0.0,0.0,0.0,0.025670448684889116,0.0,0.0,0.0,0.0,0.0,0.03645307069652791,0.0,0.0,0.0,0.0,0.03801434914643147,0.0,0.0,0.0,0.0,0.0,0.0,0.0,0.0,0.0,0.0,0.0,0.0,0.0,0.0,0.04058525108447908,0.0,0.0,0.025670448684889116,0.03801434914643147,0.566417329332218,0.1,0.0,0.0,0.0,1.0,No
scaffold_2453,122000,122615,0.0,0.0,0.0,0.08139558832615905,0.0,0.0,0.0,0.0,0.0,0.05941875034046958,0.0,0.0,0.0,0.0,0.07189272821041774,0.0,0.0,0.0,0.0,0.0,0.09965467849568625,0.0,0.0,0.0,0.0,0.10524723845474453,0.0,0.0,0.0,0.0,0.0,0.0,0.0,0.0,0.0,0.0,0.0,0.0,0.0,0.0,0.09510855294253573,0.0,0.0,0.07189272821041774,0.09965467849568625,0.4710860939980249,0.1,0.0,0.0,0.0,1.0,No
